id;procedimientoExamen;servicio;ubicación;tomaHora;observaciones
1;BIOPSIA PROSTÁTICA;UROLOGÍA;5° PISO SECTOR A;UROLOGÍA;SE PIDE HORA EN FORMA PRESENCIAL 
2;CISTOMETRÍA SIMPLE;UROLOGÍA;5° PISO SECTOR A;UROLOGÍA;DERIVADO POR UN URÓLOGO
3;CISTOSCOPÍAS;UROLOGÍA;5° PISO SECTOR A;UROLOGÍA;SE PIDE HORA EN FORMA PRESENCIAL 
4;RESECCIÓN DE CONDILOMAS;UROLOGÍA;5° PISO SECTOR A;UROLOGÍA;SE PIDE HORA EN FORMA PRESENCIAL 
5;URODINAMIA;UROLOGÍA;5° PISO SECTOR A;UROLOGÍA/CALL CENTER;
6;UROFLUJOMETRÍA;UROLOGÍA;5° PISO SECTOR A;UROLOGÍA;
7;CAPILAROSCOPIA (DEL LECHO UNGUEAL);UNIDAD DEL DOLOR/REUMATOLOGÍA;1° PISO SECTOR B/2° PISO SECTOR A;UNIDAD DEL DOLOR/REUMATOLOGÍA (CREA); SI ES DE LA UNIDAD DEL DOLOR, DRA. SOTO Y SI ES DE REUMA CON DRA. SAAVEDRA
8;BOTOX  DE  HERNIA (INFILTRACION);U.P.A;1° PISO SECTOR B;U.P.A;
9;BOTOX DE  CIRUGIA PLÁSTICA;U.P.A;1° PISO SECTOR B;U.P.A;
10;INSTALACIÓN DE PELLET;U.P.A;1º PISO SECTOR B;U.P.A;SOLICITAR HORA CON DEBORA
11;PROCEDIMIENTO DE CIRUGÍA MENOR;U.P.A;1º PISO SECTOR B;U.P.A;
12;PROCEDIMIENTO DE CURACIONES DE CIRUGÍA;U.P.A;1º PISO SECTOR B;U.P.A;
13;PROCEDIMIENTO POST OPERADOS  DE CIRUGÍA PLÁSTICA;U.P.A;1º PISO SECTOR B;U.P.A;
14;ECOGRAFÍA DE CADERA ;REUMATOLOGÍA;2° PISO SECTOR D;REUMATOLOGÍA; CON ÓRDENES DE REUMATÓLOGOS 
15;ECOGRAFÍA DE CODO ;REUMATOLOGÍA;2° PISO SECTOR D;REUMATOLOGÍA; CON ÓRDENES DE REUMATÓLOGOS 
16;ECOGRAFÍA DE HOMBRO ;REUMATOLOGÍA;2° PISO SECTOR D;REUMATOLOGÍA; CON ÓRDENES DE REUMATÓLOGOS 
17;ECOGRAFÍA DE MANOS ;REUMATOLOGÍA;2° PISO SECTOR D;REUMATOLOGÍA; CON ÓRDENES DE REUMATÓLOGOS 
18;ECOGRAFÍA DE PIE;REUMATOLOGÍA;2° PISO SECTOR D;REUMATOLOGÍA; CON ÓRDENES DE REUMATÓLOGOS 
19;ECOGRAFÍA DE RODILLA ;REUMATOLOGÍA;2° PISO SECTOR D;REUMATOLOGÍA; CON ÓRDENES DE REUMATÓLOGOS 
20;ECOGRAFÍA DE TOBILLO;REUMATOLOGÍA;2° PISO SECTOR D;REUMATOLOGÍA; CON ÓRDENES DE REUMATÓLOGOS 
21;BRONCOFIBROSCOPIA;RESPIRATORIO;4° PISO SECTOR B;SERVICIO RESPIRATORIO;
22;BRONCOSCOPÍA (FIBROSCOPÍA PULMONAR);RESPIRATORIO;4° PISO SECTOR B;SERVICIO RESPIRATORIO;
23;CURVA FLUJO VOLUMEN;RESPIRATORIO;4° PISO SECTOR B;SERVICIO RESPIRATORIO;
24;DLCO (DIFUSIÓN CO);RESPIRATORIO;4° PISO SECTOR B;SERVICIO RESPIRATORIO;
25;ESPIROMETRÍA (COMPLETA);RESPIRATORIO;4° PISO SECTOR B;SERVICIO RESPIRATORIO;
26;ESPIROMETRÍA BASAL;RESPIRATORIO;4° PISO SECTOR B;SERVICIO RESPIRATORIO;
27;ESTROGOSCOPÍA;RESPIRATORIO;4° PISO SECTOR B;SERVICIO RESPIRATORIO;
28;TEST DE CAMINATA 6 MINUTOS;RESPIRATORIO;4° PISO SECTOR B;SERVICIO RESPIRATORIO;
29;TEST DE MARCHA;RESPIRATORIO;4° PISO SECTOR B;SERVICIO RESPIRATORIO;
30;TEST DE MARCHA PIM/PEM;RESPIRATORIO;4° PISO SECTOR B;SERVICIO RESPIRATORIO;
31;TEST METACOLINA;RESPIRATORIO;4° PISO SECTOR B;SERVICIO RESPIRATORIO;
32;VOLÚMENES PULMONARES;RESPIRATORIO;4° PISO SECTOR B;SERVICIO RESPIRATORIO;
33;PROCEDIMIENTOS DE CURACIONES;POLICLÍNICO TRAUMATOLOGÍA;1° PISO SECTOR B;POLICLÍNICO TRAUMATOLOGÍA;
34;PROCEDIMIENTOS DE INFILTRACIONES;POLICLÍNICO TRAUMATOLOGÍA;1° PISO SECTOR B;POLICLÍNICO TRAUMATOLOGÍA;
35;PROCEDIMIENTOS DE INYECCIONES INTRAMUSCULAR;POLICLÍNICO TRAUMATOLOGÍA;1° PISO SECTOR B;POLICLÍNICO TRAUMATOLOGÍA;
36;PROCEDIMIENTOS DE YESO MANO Y PIE;POLICLÍNICO TRAUMATOLOGÍA;1° PISO SECTOR B;POLICLÍNICO TRAUMATOLOGÍA;
37;PROCEDIMIENTOS RETIRO DE YESO;POLICLÍNICO TRAUMATOLOGÍA;1° PISO SECTOR B;POLICLÍNICO TRAUMATOLOGÍA;
38;PROCEDIMIETNOS DE RETIRO DE PUNTOS;POLICLÍNICO TRAUMATOLOGÍA;1° PISO SECTOR B;POLICLÍNICO TRAUMATOLOGÍA;
39;AUDIOMETRÍA ADULTO (MAYOR 14 AÑOS);OTORRINO;1º PISO SECTOR D;OTORRINO;
40;AUDIOMETRÍA CAMPO LIBRE;OTORRINO;1º PISO SECTOR D;OTORRINO;
41;AUDIOMETRÍA NIÑO (HASTA 14 AÑOS);OTORRINO;1º PISO SECTOR D;OTORRINO;
42;ELECTROCOCLEOGRAFÍA ;OTORRINO;1º PISO SECTOR D;OTORRINO;
43;FUNCIÓN TIBARIA;OTORRINO;1º PISO SECTOR D;OTORRINO;
44;IMPEDANCIOMETRÍA;OTORRINO;1º PISO SECTOR D;OTORRINO;
45;MANIOBRAS DE REPOSICIÓN;OTORRINO;1º PISO SECTOR D;OTORRINO;
46;NASOFIBROSCOPÍA;OTORRINO;1º PISO SECTOR D;OTORRINO;
47;OLFATOMETRÍA;OTORRINO;1º PISO SECTOR D;OTORRINO;
48;POSTUROGRAFÍA;OTORRINO;1º PISO SECTOR D;OTORRINO;
49;POTENCIALES EVOCADOS EN CORTEZA-AUDIOMETRÍA POR POTENCIALES EVOCADOS (BERA);OTORRINO;1º PISO SECTOR D;OTORRINO;
50;POTENCIALES EVOCADOS MIOGÉNICO VESTIBULAR (VEMP);OTORRINO;1º PISO SECTOR D;OTORRINO;
51;PRUEBA DE AUDÍFONOS;OTORRINO;1º PISO SECTOR D;OTORRINO;
52;REHABILITACIÓN VESTIBULAR CON EQUIPO BRU (1ª SESIÓN);OTORRINO;1º PISO SECTOR D;OTORRINO;
53;TELELARINGOSCOPÍA ;OTORRINO;1º PISO SECTOR D;OTORRINO;
54;TERAPIA VESTIBULAR CON REALIDAD VITUAL (1ª SESIÓN);OTORRINO;1º PISO SECTOR D;OTORRINO;
55;TEST DE GLICEROL;OTORRINO;1º PISO SECTOR D;OTORRINO;
56;TRATAMIENTO REHABILITACIÓN VESTIBULAR;OTORRINO;1º PISO SECTOR D;OTORRINO;
57;VIDEOESTROBOSCOPÍA;OTORRINO;1º PISO SECTOR D;OTORRINO;
58;VIII PAR CRANEAL CON VIDEO OCULOGRAFÍA;OTORRINO;1º PISO SECTOR D;OTORRINO;
59;ANGIOGRAFÍA DE RETINA O DE IRIS (CON FLUORESCEÍNA);OFTALMOLOGÍA;1° PISO SECTOR E;SERVICIO DE OFTALMOLOGÍA;
60;AUTORREFRACTOMETRÍA;OFTALMOLOGÍA;1° PISO SECTOR E;SERVICIO DE OFTALMOLOGÍA;
61;AUTORREFRACTOMETRÍA CON CICLOPLEGIA;OFTALMOLOGÍA;1° PISO SECTOR E;SERVICIO DE OFTALMOLOGÍA;
62;BIOPSIA CONJUNTIVA;OFTALMOLOGÍA;1° PISO SECTOR E;SERVICIO DE OFTALMOLOGÍA;CORRESPONDEN A CIRUGÍAS MENORES
63;BIOPSIA DE PÁPADO;OFTALMOLOGÍA;1° PISO SECTOR E;SERVICIO DE OFTALMOLOGÍA;CORRESPONDEN A CIRUGÍAS MENORES
64;BLEFARORRAFÍA ;OFTALMOLOGÍA;1° PISO SECTOR E;SERVICIO DE OFTALMOLOGÍA;CORRESPONDEN A CIRUGÍAS MENORES
65;CAMPO VISUAL COMPUTARIZADO (CAMPIMETRÍA COMPUTARIZADA);OFTALMOLOGÍA;1° PISO SECTOR E;SERVICIO DE OFTALMOLOGÍA;
66;CAMPO VISUAL GOLDMANN (PERIMETRÍA ESTÁTICA CON CAMPIMETRÍA DE PROYECCIÓN);OFTALMOLOGÍA;1° PISO SECTOR E;SERVICIO DE OFTALMOLOGÍA;
67;CATETERISMO VÍA LAGRIMAL;OFTALMOLOGÍA;1° PISO SECTOR E;SERVICIO DE OFTALMOLOGÍA;CORRESPONDEN A CIRUGÍAS MENORES
68;CAUTERIZACIÓN PESTAÑAS;OFTALMOLOGÍA;1° PISO SECTOR E;SERVICIO DE OFTALMOLOGÍA;CORRESPONDEN A CIRUGÍAS MENORES
69;CHALAZIÓN ;OFTALMOLOGÍA;1° PISO SECTOR E;SERVICIO DE OFTALMOLOGÍA;CORRESPONDEN A CIRUGÍAS MENORES
70;CURVA DE TENSIÓN APLANATICA;OFTALMOLOGÍA;1° PISO SECTOR E;SERVICIO DE OFTALMOLOGÍA;
71;ECOGRAFÍA/ECOBIOMETRÍA CON CÁLCULO DE LENTE INTRAOCULAR, AMBOS OJOS;OFTALMOLOGÍA;1° PISO SECTOR E;SERVICIO DE OFTALMOLOGÍA;
72;ECTROPIÓN;OFTALMOLOGÍA;1° PISO SECTOR E;SERVICIO DE OFTALMOLOGÍA;CORRESPONDEN A CIRUGÍAS MENORES
73;ENTROPIÓN ;OFTALMOLOGÍA;1° PISO SECTOR E;SERVICIO DE OFTALMOLOGÍA;CORRESPONDEN A CIRUGÍAS MENORES
74;ESTUDIO COMPLETO DE VISIÓN DE COLORES;OFTALMOLOGÍA;1° PISO SECTOR E;SERVICIO DE OFTALMOLOGÍA;
75;ESTUDIO DE ESTRABISMO;OFTALMOLOGÍA;1° PISO SECTOR E;SERVICIO DE OFTALMOLOGÍA;
76;EXPLORACIÓN VITREORRETINAL, AMBOS OJOS;OFTALMOLOGÍA;1° PISO SECTOR E;SERVICIO DE OFTALMOLOGÍA;
77;GAS INTRAVITREO;OFTALMOLOGÍA;1° PISO SECTOR E;SERVICIO DE OFTALMOLOGÍA;CORRESPONDEN A CIRUGÍAS MENORES
78;HERIDA O DEHISCENCIA SUTURA PÁRPADO;OFTALMOLOGÍA;1° PISO SECTOR E;SERVICIO DE OFTALMOLOGÍA;CORRESPONDEN A CIRUGÍAS MENORES
79;INYECCIÓN BOTOX;OFTALMOLOGÍA;1° PISO SECTOR E;SERVICIO DE OFTALMOLOGÍA;CORRESPONDEN A CIRUGÍAS MENORES
80;INYECCIÓN DE AVASTIN;OFTALMOLOGÍA;1° PISO SECTOR E;SERVICIO DE OFTALMOLOGÍA;
81;INYECCIÓN RETROBULAR;OFTALMOLOGÍA;1° PISO SECTOR E;SERVICIO DE OFTALMOLOGÍA;
82;IOL MASTER;OFTALMOLOGÍA;1° PISO SECTOR E;SERVICIO DE OFTALMOLOGÍA;
83;MICROSCOPÍA ESPECULAR;OFTALMOLOGÍA;1° PISO SECTOR E;SERVICIO DE OFTALMOLOGÍA;
84;NEVUS CARÚNCULA;OFTALMOLOGÍA;1° PISO SECTOR E;SERVICIO DE OFTALMOLOGÍA;CORRESPONDEN A CIRUGÍAS MENORES
85;OCT SPECTRALIS, AMBOS OJOS;OFTALMOLOGÍA;1° PISO SECTOR E;SERVICIO DE OFTALMOLOGÍA;
86;ORTÓPTICA Y/O PLEÓTICA (POR SESIÓN ) AMBOS OJOS;OFTALMOLOGÍA;1° PISO SECTOR E;SERVICIO DE OFTALMOLOGÍA;
87;PAQUIMETRÍA CORNEAL, AMBOS OJOS;OFTALMOLOGÍA;1° PISO SECTOR E;SERVICIO DE OFTALMOLOGÍA;
88;PENTACAM (TOPOGRAFÍA CORNEAL COMPUTARIZADA);OFTALMOLOGÍA;1° PISO SECTOR E;SERVICIO DE OFTALMOLOGÍA;
89;PLASTÍA PUNTO LAGRIMAL;OFTALMOLOGÍA;1° PISO SECTOR E;SERVICIO DE OFTALMOLOGÍA;CORRESPONDEN A CIRUGÍAS MENORES
90;PROCEDIMIENTO DE MEDICIÓN DE LENTES;OFTALMOLOGÍA;1° PISO SECTOR E;SERVICIO DE OFTALMOLOGÍA;
91;PTERIGIÓN ;OFTALMOLOGÍA;1° PISO SECTOR E;SERVICIO DE OFTALMOLOGÍA;CORRESPONDEN A CIRUGÍAS MENORES
92;QUERATOMETRÍA COMPUTARIZADA;OFTALMOLOGÍA;1° PISO SECTOR E;SERVICIO DE OFTALMOLOGÍA;
93;RETINOGRAFÍA AMBOS OJOS (FOTO DE PAPILAS);OFTALMOLOGÍA;1° PISO SECTOR E;SERVICIO DE OFTALMOLOGÍA;
94;SUTURA CONJUNTIVA ;OFTALMOLOGÍA;1° PISO SECTOR E;SERVICIO DE OFTALMOLOGÍA;CORRESPONDEN A CIRUGÍAS MENORES
95;SUTURA DE PÁRPADO;OFTALMOLOGÍA;1° PISO SECTOR E;SERVICIO DE OFTALMOLOGÍA;CORRESPONDEN A CIRUGÍAS MENORES
96;TEST DE ESTEREOPSIS (RANDOT TEST Y TITMUS TEST);OFTALMOLOGÍA;1° PISO SECTOR E;SERVICIO DE OFTALMOLOGÍA;
97;TEST DE FARNSWORTH D-15;OFTALMOLOGÍA;1° PISO SECTOR E;SERVICIO DE OFTALMOLOGÍA;
98;TEST DE FARNSWORTH-100;OFTALMOLOGÍA;1° PISO SECTOR E;SERVICIO DE OFTALMOLOGÍA;
99;TEST DE HARDY RAND RITTLER;OFTALMOLOGÍA;1° PISO SECTOR E;SERVICIO DE OFTALMOLOGÍA;
100;TEST DE ISHIHARA;OFTALMOLOGÍA;1° PISO SECTOR E;SERVICIO DE OFTALMOLOGÍA;
101;TEST DE SCHIRMER (CUANTIFICACIÓN DE LAGRIMACIÓN);OFTALMOLOGÍA;1° PISO SECTOR E;SERVICIO DE OFTALMOLOGÍA;
102;TEST DE TELLER;OFTALMOLOGÍA;1° PISO SECTOR E;SERVICIO DE OFTALMOLOGÍA;
103;TONOMETRÍA DE AIRE;OFTALMOLOGÍA;1° PISO SECTOR E;SERVICIO DE OFTALMOLOGÍA;
104;TONOMETRÍA OCULAR;OFTALMOLOGÍA;1° PISO SECTOR E;SERVICIO DE OFTALMOLOGÍA;
105;TRABECULOPLASTÍA DIODO LÁSER;OFTALMOLOGÍA;1° PISO SECTOR E;SERVICIO DE OFTALMOLOGÍA;CORRESPONDEN A CIRUGÍAS MENORES
106;TUMOR BENIGNO;OFTALMOLOGÍA;1° PISO SECTOR E;SERVICIO DE OFTALMOLOGÍA;CORRESPONDEN A CIRUGÍAS MENORES
107;TUMOR PALPEBRAL;OFTALMOLOGÍA;1° PISO SECTOR E;SERVICIO DE OFTALMOLOGÍA;CORRESPONDEN A CIRUGÍAS MENORES
108;VISANTE (TOMOGRAFÍA OCT DE POLO ANTERIOR);OFTALMOLOGÍA;1° PISO SECTOR E;SERVICIO DE OFTALMOLOGÍA;
109;XANTELASMA;OFTALMOLOGÍA;1° PISO SECTOR E;SERVICIO DE OFTALMOLOGÍA;CORRESPONDEN A CIRUGÍAS MENORES
110;YAG LASER OI;OFTALMOLOGÍA;1° PISO SECTOR E;SERVICIO DE OFTALMOLOGÍA;
111;ECO DOPPLER TRANSCRANEAL + TEST DE OLFATO;NEUROLOGÍA;2° PISO SECTOR E;CALL CENTER Y CAJAS;
112;ECO TRANSCRANEANA (ECOGRAFÍA SUSTANCIA NIGRA);NEUROLOGÍA;2° PISO SECTOR E;CALL CENTER Y CAJAS ;
113;ELECTROENCEFALOGRAMA ESTÁNDAR O PRIVACIÓN DE SUEÑO (EEG);NEUROLOGÍA;2° PISO SECTOR E;SERVICIO DE NEUROLOGÍA;HORA PRESENCIAL OFICINA N° 236
114;ELECTROMIOGRAFÍA -FIBRA ÚNICA (EMG);NEUROLOGÍA;2° PISO SECTOR E;SERVICIO DE NEUROLOGÍA;HORA PRESENCIAL OFICINA N° 236
115;ELECTROMIOGRAFÍA -TEST DE ESTIMULACIÓN REPETITIVA (EMG/TER);NEUROLOGÍA;2° PISO SECTOR E;CALL CENTER Y CAJAS;
116;ELECTROMIOGRAFÍA Y POTENCIALES EVOCADOS SOMATOSENSORIALES (EMG/PESS);NEUROLOGÍA;2° PISO SECTOR E;CALL CENTER Y CAJAS;
117;ELECTROMIOGRAFÍA Y VELOCIDAD DE CONDUCCIÓN-EXTREMIDADES SUPERIORES, INFERIORES Y 4 EXTREMIDADES ;NEUROLOGÍA;2° PISO SECTOR E;CALL CENTER Y CAJAS;SI VIENE CON ORDEN DE UN NEURO, DE IGUAL FORMA CONSULTAR DIAGNÓSTICO
118;ESTUDIO DE POLISOMNOGRAFÍA BASAL O CON TITULACIÓN DE CPAP (PSG);NEUROLOGÍA;2° PISO SECTOR E;SERVICIO DE NEUROLOGÍA;HORA PRESENCIAL OFICINA N° 236 (HOSPITALIZACIÓN)
119;POLISOMNOGRAFÍA DEL SUEÑO (PSG/POLISOMNOGRAFÍA BASAL O CON TITULACIÓN DE CPAP);NEUROLOGÍA;2° PISO SECTOR E;NEUROLOGÍA;PRESUPUESTO SE REALIZA EN ADMISIÓN CENTRAL 
120;POTENCIALES EVOCADOS SOMATOSENSORIALES (PESS);NEUROLOGÍA;2° PISO SECTOR E;CALL CENTER Y CAJAS;
121;TEST DE LATENCIAS  MÚLTIPLES  DEL SUEÑO (TLMS);NEUROLOGÍA;2° PISO SECTOR E;SERVICIO DE NEUROLOGÍA;HORA PRESENCIAL OFICINA N° 236 (HOSPITALIZACIÓN)
122;VIDEO MONITOREO DE 12 O 24 HORAS (EEG);NEUROLOGÍA;2° PISO SECTOR E;SERVICIO DE NEUROLOGÍA;HORA PRESENCIAL OFICINA N° 236 (HOSPITALIZACIÓN)
123;VIDEO MONITOREO DE 2,4 Y 6 HORAS (EEG);NEUROLOGÍA;2° PISO SECTOR E;SERVICIO DE NEUROLOGÍA;HORA PRESENCIAL OFICINA N° 236
124;CAPTACIÓN I-131 A LAS 2 Y/O 24 HORAS;MEDICINA NUCLEAR;1° PISO SECTOR E;CAJA MEDICINA NUCLEAR;
125;CINTIGRAFÍA EVALUAR INFECCIONES (NO INCLUYE FÁRMACO);MEDICINA NUCLEAR;1° PISO SECTOR E;CAJA MEDICINA NUCLEAR;
126;CINTIGRAFÍA GLÁNDULAS SALIVALES O DACRIOCINTIGRAFÍA ;MEDICINA NUCLEAR;1° PISO SECTOR E;CAJA MEDICINA NUCLEAR;
127;CINTIGRAFÍA PULMONAR PERFUSIÓN - VENTILACIÓN ;MEDICINA NUCLEAR;1° PISO SECTOR E;CAJA MEDICINA NUCLEAR;
128;CINTIGRAFÍA RENAL DMSA;MEDICINA NUCLEAR;1° PISO SECTOR E;CAJA MEDICINA NUCLEAR;
129;CINTIGRAFÍA VESÍCULA Y VÍA BILIAR;MEDICINA NUCLEAR;1° PISO SECTOR E;CAJA MEDICINA NUCLEAR;
130;CINTIGRAFÍA Y ESTUDIO ASPIRACIÓN PULMONAR ;MEDICINA NUCLEAR;1° PISO SECTOR E;CAJA MEDICINA NUCLEAR;
131;CINTIGRAMA MIOCARDIO;MEDICINA NUCLEAR;1° PISO SECTOR E;CAJA MEDICINA NUCLEAR;
132;CINTIGRAMA ÓSEO;MEDICINA NUCLEAR;1° PISO SECTOR E;CAJA MEDICINA NUCLEAR;
133;CINTIGRAMA ÓSEO TRIFÁSICO;MEDICINA NUCLEAR;1° PISO SECTOR E;CAJA MEDICINA NUCLEAR;
134;CINTIGRAMA PARATIROIDES (NO INCLUYE FÁRMACO);MEDICINA NUCLEAR;1° PISO SECTOR E;CAJA MEDICINA NUCLEAR;
135;CINTIGRAMA RENAL DTPA;MEDICINA NUCLEAR;1° PISO SECTOR E;CAJA MEDICINA NUCLEAR;
136;CINTIGRAMA RENAL MAG-3;MEDICINA NUCLEAR;1° PISO SECTOR E;CAJA MEDICINA NUCLEAR;
137;CINTIGRAMA TIROIDEO CON TC O I-131;MEDICINA NUCLEAR;1° PISO SECTOR E;CAJA MEDICINA NUCLEAR;
138;CISTOGRAFÍA ISOTÓPICA DIRECTA (NO INCLUYE PROCEDIMIENTO);MEDICINA NUCLEAR;1° PISO SECTOR E;CAJA MEDICINA NUCLEAR;
139;CISTOGRAFÍA ISOTÓPICA INDIRECTA;MEDICINA NUCLEAR;1° PISO SECTOR E;CAJA MEDICINA NUCLEAR;
140;DENSITOMETRÍA ÓSEA COLUMNA Y CADERA O CUERPO ENTERO;MEDICINA NUCLEAR;1° PISO SECTOR E;CAJA MEDICINA NUCLEAR;
141;DETECCIÓN DE SANGRAMIENTO Y/O HEMORRAGIA DIGESTIVA;MEDICINA NUCLEAR;1° PISO SECTOR E;CAJA MEDICINA NUCLEAR;
142;DETECCIÓN DIVERTICULO MECKEL;MEDICINA NUCLEAR;1° PISO SECTOR E;CAJA MEDICINA NUCLEAR;
143;DMSA PENTAVALENTE, OCTROSCAN ;MEDICINA NUCLEAR;1° PISO SECTOR E;CAJA MEDICINA NUCLEAR;
144;ESTUDIO DE MOTILIDAD ESOFÁGICA Y/O REFLUJO GASTROESOFÁGICO;MEDICINA NUCLEAR;1° PISO SECTOR E;CAJA MEDICINA NUCLEAR;
145;EXPLORACIÓN SISTÉMICA;MEDICINA NUCLEAR;1° PISO SECTOR E;CAJA MEDICINA NUCLEAR;
146;GALIO - 67 INFECCIÓN ;MEDICINA NUCLEAR;1° PISO SECTOR E;CAJA MEDICINA NUCLEAR;
147;GALIO - 67 PLANAR Y SPECT LINFOMAS - TUMORES;MEDICINA NUCLEAR;1° PISO SECTOR E;CAJA MEDICINA NUCLEAR;
148;GANGLIO CENTINELLA (NO INCLUYE PROCEDIMIENTO);MEDICINA NUCLEAR;1° PISO SECTOR E;CAJA MEDICINA NUCLEAR;
149;LINFOCINTIGRAFÍA ISOTÓPICA (NO INCLUYE PROCEDIMIENTO);MEDICINA NUCLEAR;1° PISO SECTOR E;CAJA MEDICINA NUCLEAR;
150;POOL SANGUÍNEO;MEDICINA NUCLEAR;1° PISO SECTOR E;CAJA MEDICINA NUCLEAR;
151;POOL SANGUÍNEO SPECT;MEDICINA NUCLEAR;1° PISO SECTOR E;CAJA MEDICINA NUCLEAR;
152;RADIOCISTERNOGRAFÍA- VALVULOGRAFÍA - FÍSTULA LCR;MEDICINA NUCLEAR;1° PISO SECTOR E;CAJA MEDICINA NUCLEAR;
153;SPECT CARDIACO STRESS Y REPOSO;MEDICINA NUCLEAR;1° PISO SECTOR E;CAJA MEDICINA NUCLEAR;
154;SPECT CEREBRAL (NO INCLUYE FÁRMACO);MEDICINA NUCLEAR;1° PISO SECTOR E;CAJA MEDICINA NUCLEAR;
155;SPECT CUALQUIER ÓRGANO (NO INCLUYE FÁRMACO);MEDICINA NUCLEAR;1° PISO SECTOR E;CAJA MEDICINA NUCLEAR;
156;SPECT HEPATOESPLENICO, EVALUACIÓN HEMANGIOMA;MEDICINA NUCLEAR;1° PISO SECTOR E;CAJA MEDICINA NUCLEAR;
157;TRATAMIENTO  I - 131 HASTA 200 MCI;MEDICINA NUCLEAR;1° PISO SECTOR E;CAJA MEDICINA NUCLEAR;
158;TRATAMIENTO CON SAMARIO U OTRO (NO INCLUYE FÁRMACO);MEDICINA NUCLEAR;1° PISO SECTOR E;CAJA MEDICINA NUCLEAR;
159;TRATAMIENTO I - 131 HASTA 100 MCI;MEDICINA NUCLEAR;1° PISO SECTOR E;CAJA MEDICINA NUCLEAR;
160;TRATAMIENTO I - 131 HASTA 30 MCI;MEDICINA NUCLEAR;1° PISO SECTOR E;CAJA MEDICINA NUCLEAR;
161;TRATAMIENTO I - 131 HASTA 300 MCI;MEDICINA NUCLEAR;1° PISO SECTOR E;CAJA MEDICINA NUCLEAR;
162;VACIAMIENTO GÁSTRICO LÍQUIDO O SÓLIDO;MEDICINA NUCLEAR;1° PISO SECTOR E;CAJA MEDICINA NUCLEAR;
163;VENTRICULOGRAFÍA ISOTÓPICA O ESTUDIO DINÁMICO CARDÍACO (MUGA);MEDICINA NUCLEAR;1° PISO SECTOR E;CAJA MEDICINA NUCLEAR;
164;ELECTROMIOGRAFÍA EXTREMIDAD SUPERIOR E INFERIOR, VELOCIDAD DE CONDUCCIÓN, LARINGE, PÉLVICO;MEDICINA FÍSICA;SUBT.SECTOR E;MEDICINA FÍSICA;SI VIENE CON ORDEN DE TRAUMATÓLOGO, DE IGUAL FORMA CONSULTAR DIAGNÓSTICO
165;EVALUACIÓN CARDIOMETABÓLICA;MEDICINA FÍSICA;SUBT.SECTOR E;MEDICINA FÍSICA;
166;EVALUACIÓN PREVENTIVA DE CONDUCCIÓN;MEDICINA FÍSICA;SUBT.SECTOR E;MEDICINA FÍSICA;
167;REHABILITACIÓN TEMPORO MANDIBULAR;MEDICINA FÍSICA;SUBT.SECTOR E;MEDICINA FÍSICA;
168;TERAPIA OCUPACIONAL;MEDICINA FÍSICA;SUBT.SECTOR E;MEDICINA FÍSICA;
169;TERAPIA OCUPACIONAL INFANTIL;MEDICINA FÍSICA;SUBT.SECTOR E;MEDICINA FÍSICA;
170;TEST DE MARCHA;MEDICINA FÍSICA;SUBT.SECTOR E;MEDICINA FÍSICA;
171;TOXINA BOTULÍNICA ;MEDICINA FÍSICA;SUBT.SECTOR E;MEDICINA FÍSICA;REQUIERE PREVIA EVALUACIÓN DEL MÉDICO FISIATRA
172;ELISPOT TB;INMUNOLOGÍA;5º PISO SECTOR E;INMUNOLOGÍA;
173;CUBO DE HIELO;INMUNO/CENTRO DE ALERGIAS;5º PISO SECTOR E;INMUNO/CENTRO DE ALERGIAS;
174;ESTUDIO URTICARIAS FÍSICAS;INMUNO/CENTRO DE ALERGIAS;5º PISO SECTOR E;INMUNO/CENTRO DE ALERGIAS;REQUIERE EVALUACIÓN DE INMUNÓLOGO
175;INTRADERMORREACCIÓN FÁRMACOS PARENTERALES ;INMUNO/CENTRO DE ALERGIAS;5º PISO SECTOR E;INMUNO/CENTRO DE ALERGIAS;REQUIERE EVALUACIÓN DE INMUNÓLOGO
176;PRICK TEST ALIMENTOS;INMUNO/CENTRO DE ALERGIAS;5º PISO SECTOR E;INMUNO/CENTRO DE ALERGIAS;
177;PRICK TEST HONGOS;INMUNO/CENTRO DE ALERGIAS;5º PISO SECTOR E;INMUNO/CENTRO DE ALERGIAS;
178;PRICK TEST INHALANTES;INMUNO/CENTRO DE ALERGIAS;5º PISO SECTOR E;INMUNO/CENTRO DE ALERGIAS;
179;PRICK TEST INSECTOS;INMUNO/CENTRO DE ALERGIAS;5º PISO SECTOR E;INMUNO/CENTRO DE ALERGIAS;
180;PRICK TEST LÁTEX;INMUNO/CENTRO DE ALERGIAS;5º PISO SECTOR E;INMUNO/CENTRO DE ALERGIAS;
181;PRICK TEST LECHE;INMUNO/CENTRO DE ALERGIAS;5º PISO SECTOR E;INMUNO/CENTRO DE ALERGIAS;
182;PRICK TEST MEDICAMENTOS;INMUNO/CENTRO DE ALERGIAS;5º PISO SECTOR E;INMUNO/CENTRO DE ALERGIAS;REQUIERE EVALUACIÓN DE INMUNÓLOGO
183;PRICK TEST PANALÉRGENOS;INMUNO/CENTRO DE ALERGIAS;5º PISO SECTOR E;INMUNO/CENTRO DE ALERGIAS;
184;PROTOCOLO AERGIA A CORTICOIDES;INMUNO/CENTRO DE ALERGIAS;5º PISO SECTOR E;INMUNO/CENTRO DE ALERGIAS;REQUIERE EVALUACIÓN DE INMUNÓLOGO
185;PROTOCOLO AINES;INMUNO/CENTRO DE ALERGIAS;5º PISO SECTOR E;INMUNO/CENTRO DE ALERGIAS;REQUIERE EVALUACIÓN DE INMUNÓLOGO
186;PROTOCOLO ALERGIA A SUTURAS;INMUNO/CENTRO DE ALERGIAS;5º PISO SECTOR E;INMUNO/CENTRO DE ALERGIAS;REQUIERE EVALUACIÓN DE INMUNÓLOGO
187;PROTOCOLO ALERGIA AL LÁTEX;INMUNO/CENTRO DE ALERGIAS;5º PISO SECTOR E;INMUNO/CENTRO DE ALERGIAS;REQUIERE EVALUACIÓN DE INMUNÓLOGO
188;PROTOCOLO ALERGIA ALIMENTOS;INMUNO/CENTRO DE ALERGIAS;5º PISO SECTOR E;INMUNO/CENTRO DE ALERGIAS;REQUIERE EVALUACIÓN DE INMUNÓLOGO
189;PROTOCOLO ALERGIA BETALACTÁMICOS;INMUNO/CENTRO DE ALERGIAS;5º PISO SECTOR E;INMUNO/CENTRO DE ALERGIAS;REQUIERE EVALUACIÓN DE INMUNÓLOGO
190;PROTOCOLO ALERGIA LECHE DE VACA;INMUNO/CENTRO DE ALERGIAS;5º PISO SECTOR E;INMUNO/CENTRO DE ALERGIAS;REQUIERE EVALUACIÓN DE INMUNÓLOGO
191;PROTOCOLO ALERGIAS MEDIOS DE CONTRASTE;INMUNO/CENTRO DE ALERGIAS;5º PISO SECTOR E;INMUNO/CENTRO DE ALERGIAS;REQUIERE EVALUACIÓN DE INMUNÓLOGO
192;PROTOCOLO ALERGIAS OTROS MEDICAMENTOS;INMUNO/CENTRO DE ALERGIAS;5º PISO SECTOR E;INMUNO/CENTRO DE ALERGIAS;REQUIERE EVALUACIÓN DE INMUNÓLOGO
193;PROTOCOLO ANESTÉSIA GENERAL ;INMUNO/CENTRO DE ALERGIAS;5º PISO SECTOR E;INMUNO/CENTRO DE ALERGIAS;REQUIERE EVALUACIÓN DE INMUNÓLOGO
194;PROTOCOLO ANETÉSICOS LOCALES;INMUNO/CENTRO DE ALERGIAS;5º PISO SECTOR E;INMUNO/CENTRO DE ALERGIAS;REQUIERE EVALUACIÓN DE INMUNÓLOGO
195;PROTOCOLO BLOQUEADORES NEURO MUSCULARES;INMUNO/CENTRO DE ALERGIAS;5º PISO SECTOR E;INMUNO/CENTRO DE ALERGIAS;REQUIERE EVALUACIÓN DE INMUNÓLOGO
196;PROTOCOLO DE ALIMENTOA/EJERCICIO;INMUNO/CENTRO DE ALERGIAS;5º PISO SECTOR E;INMUNO/CENTRO DE ALERGIAS;REQUIERE EVALUACIÓN DE INMUNÓLOGO
197;PROTOCOLO DE ANALGÉSICOS;INMUNO/CENTRO DE ALERGIAS;5º PISO SECTOR E;INMUNO/CENTRO DE ALERGIAS;REQUIERE EVALUACIÓN DE INMUNÓLOGO
198;PROTOCOLO OTROS ANTIOBIÓTICOS;INMUNO/CENTRO DE ALERGIAS;5º PISO SECTOR E;INMUNO/CENTRO DE ALERGIAS;REQUIERE EVALUACIÓN DE INMUNÓLOGO
199;SUERO AUTÓLOGO;INMUNO/CENTRO DE ALERGIAS;5º PISO SECTOR E;INMUNO/CENTRO DE ALERGIAS;
200;TEST DE PARCHE LECHES;INMUNO/CENTRO DE ALERGIAS;5º PISO SECTOR E;INMUNO/CENTRO DE ALERGIAS;
201;TEST DE PARCHES ALIMENTOS;INMUNO/CENTRO DE ALERGIAS;5º PISO SECTOR E;INMUNO/CENTRO DE ALERGIAS;
202;TEST DE PARCHES INHALANTES ;INMUNO/CENTRO DE ALERGIAS;5º PISO SECTOR E;INMUNO/CENTRO DE ALERGIAS;
203;TEST DE PARCHES MEDICAMENTOS ;INMUNO/CENTRO DE ALERGIAS;5º PISO SECTOR E;INMUNO/CENTRO DE ALERGIAS;REQUIERE EVALUACIÓN DE INMUNÓLOGO
204;TEST DE PATERGIA;INMUNO/CENTRO DE ALERGIAS;5º PISO SECTOR E;INMUNO/CENTRO DE ALERGIAS;REQUIERE EVALUACIÓN DE INMUNÓLOGO
205;TEST DE URTICARIAS POR CALOR;INMUNO/CENTRO DE ALERGIAS;5º PISO SECTOR E;INMUNO/CENTRO DE ALERGIAS;REQUIERE EVALUACIÓN DE INMUNÓLOGO
206;ANGIO RM ABDOMEN;IMAGENOLOGÍA;1° PISO SECTOR D;IMAGENOLOGÍA;
207;ANGIO RM ANGIO RM PELVIS;IMAGENOLOGÍA;1° PISO SECTOR D;IMAGENOLOGÍA;
208;ANGIO RM CEREBRO;IMAGENOLOGÍA;1° PISO SECTOR D;IMAGENOLOGÍA;
209;ANGIO RM CUELLO;IMAGENOLOGÍA;1° PISO SECTOR D;IMAGENOLOGÍA;
210;ANGIO RM EIANGIO RM EEII;IMAGENOLOGÍA;1° PISO SECTOR D;IMAGENOLOGÍA;
211;ANGIO RM TÓRAX;IMAGENOLOGÍA;1° PISO SECTOR D;IMAGENOLOGÍA;
212;ANGIOTAC;IMAGENOLOGÍA;1° PISO SECTOR D;IMAGENOLOGÍA;
213;ANGIOTAC ABDOMEN;IMAGENOLOGÍA;1° PISO SECTOR D;IMAGENOLOGÍA;
214;ANGIOTAC CEREBRO;IMAGENOLOGÍA;1° PISO SECTOR D;IMAGENOLOGÍA;
215;ANGIOTAC CORONARIO;IMAGENOLOGÍA;1° PISO SECTOR D;IMAGENOLOGÍA;
216;ANGIOTAC CUELLO;IMAGENOLOGÍA;1° PISO SECTOR D;IMAGENOLOGÍA;
217;ANGIOTAC DE AMBAS EEII;IMAGENOLOGÍA;1° PISO SECTOR D;IMAGENOLOGÍA;
218;ANGIOTAC EESS;IMAGENOLOGÍA;1° PISO SECTOR D;IMAGENOLOGÍA;
219;ANGIOTAC PELVIS;IMAGENOLOGÍA;1° PISO SECTOR D;IMAGENOLOGÍA;
220;ANGIOTAC RENAL;IMAGENOLOGÍA;1° PISO SECTOR D;IMAGENOLOGÍA;
221;ANGIOTAC TÓRAX;IMAGENOLOGÍA;1° PISO SECTOR D;IMAGENOLOGÍA;
222;ARTRO RESONANCIA;IMAGENOLOGÍA;1° PISO SECTOR D;IMAGENOLOGÍA;
223;ARTRO RM DE MUÑECA;IMAGENOLOGÍA;1° PISO SECTOR D;IMAGENOLOGÍA;
224;ARTRO RM DE TOBILLO ;IMAGENOLOGÍA;1° PISO SECTOR D;IMAGENOLOGÍA;
225;ARTRO TAC;IMAGENOLOGÍA;1° PISO SECTOR D;IMAGENOLOGÍA;
226;BIOPSIA CORE NÓDULOS MAMARIOS;IMAGENOLOGÍA;1° PISO SECTOR D;IMAGENOLOGÍA;
227;BIOPSIA ESTEROTÁXICA;IMAGENOLOGÍA;1° PISO SECTOR D;IMAGENOLOGÍA;
228;BIOPSIA RENAL;IMAGENOLOGÍA;1° PISO SECTOR D;IMAGENOLOGÍA;
229;CARDIO RESONANCIA;IMAGENOLOGÍA;1° PISO SECTOR D;IMAGENOLOGÍA;
230;CAVUM FARINGEO;IMAGENOLOGÍA;1° PISO SECTOR D;IMAGENOLOGÍA;
231;COLANGIOGRAFÍA POR SONDA T;IMAGENOLOGÍA;1° PISO SECTOR D;IMAGENOLOGÍA;
232;COLONOSCOPÍA VIRTUAL;IMAGENOLOGÍA;1° PISO SECTOR D;IMAGENOLOGÍA;
233;CONTROL DE ANASTOMOSIS;IMAGENOLOGÍA;1° PISO SECTOR D;IMAGENOLOGÍA;
234;COPIAS DE PLACAS;IMAGENOLOGÍA;1° PISO SECTOR D;IMAGENOLOGÍA;
235;ECO DOPPLER CAROTIDEO;IMAGENOLOGÍA;1° PISO SECTOR D;IMAGENOLOGÍA;
236;ECO DOPPLER DE ARTERIAS RENALES;IMAGENOLOGÍA;1° PISO SECTOR D;IMAGENOLOGÍA;
237;ECO DOPPLER EEII-EESS VENOSO O ARTERIAL ;IMAGENOLOGÍA;1° PISO SECTOR D;IMAGENOLOGÍA;
238;ECO DOPPLER RENAL - ABDOMINAL;IMAGENOLOGÍA;1° PISO SECTOR D;IMAGENOLOGÍA;
239;ECO DOPPLER VENOSO EEII;IMAGENOLOGÍA;1° PISO SECTOR D;IMAGENOLOGÍA;
240;ECOTOMOGRAFÍA ABDOMINAL;IMAGENOLOGÍA;1° PISO SECTOR D;IMAGENOLOGÍA;
241;ECOTOMOGRAFÍA CEREBRAL O ENCEFÁLICA;IMAGENOLOGÍA;1° PISO SECTOR D;IMAGENOLOGÍA;
242;ECOTOMOGRAFÍA MAMARIA;IMAGENOLOGÍA;1° PISO SECTOR D;IMAGENOLOGÍA;
243;ECOTOMOGRAFÍA PARTES BLANDAS/CERVICAL;IMAGENOLOGÍA;1° PISO SECTOR D;IMAGENOLOGÍA;
244;ECOTOMOGRAFÍA PELVIANA FEMENINA;IMAGENOLOGÍA;1° PISO SECTOR D;IMAGENOLOGÍA;
245;ECOTOMOGRAFÍA PELVIANA MASCULINA;IMAGENOLOGÍA;1° PISO SECTOR D;IMAGENOLOGÍA;
246;ECOTOMOGRAFÍA RENAL ;IMAGENOLOGÍA;1° PISO SECTOR D;IMAGENOLOGÍA;
247;ECOTOMOGRAFÍA TESTICULAR;IMAGENOLOGÍA;1° PISO SECTOR D;IMAGENOLOGÍA;
248;ECOTOMOGRAFÍA TIROIDE;IMAGENOLOGÍA;1° PISO SECTOR D;IMAGENOLOGÍA;
249;ECOTOMOGRAFÍA TRANSOFÁGICA;IMAGENOLOGÍA;1° PISO SECTOR D;IMAGENOLOGÍA;
250;EDAD ÓSEA ;IMAGENOLOGÍA;1° PISO SECTOR D;IMAGENOLOGÍA;
251;ENEMA BARITADO;IMAGENOLOGÍA;1° PISO SECTOR D;IMAGENOLOGÍA;
252;ENTEROCLISIS BAJO TAC (POR GRUPO);IMAGENOLOGÍA;1° PISO SECTOR D;IMAGENOLOGÍA;
253;ESÓFAGO SIMPLE;IMAGENOLOGÍA;1° PISO SECTOR D;IMAGENOLOGÍA;
254;ESOFAGOGRAMA;IMAGENOLOGÍA;1° PISO SECTOR D;IMAGENOLOGÍA;
255;ESTUDIO DE MOTILIDAD /MANOMETRÍA ANO RECTAL 3D;IMAGENOLOGÍA;1° PISO SECTOR D;IMAGENOLOGÍA;
256;ESTUDIO CORONARIO CON SCANNER MULTICORTE;IMAGENOLOGÍA;1° PISO SECTOR D;IMAGENOLOGÍA;
257;FITULOGRAFÍA;IMAGENOLOGÍA;1° PISO SECTOR D;IMAGENOLOGÍA;
258;FLEBOGRAFÍA EESS;IMAGENOLOGÍA;1° PISO SECTOR D;IMAGENOLOGÍA;
259;HISTEROSALPINOGRAFÍA;IMAGENOLOGÍA;1° PISO SECTOR D;IMAGENOLOGÍA;
260;INFILTRACIÓN BAJO ECO;IMAGENOLOGÍA;1° PISO SECTOR D;IMAGENOLOGÍA;
261;INFILTRACIÓN BAJO RADIOSCOPÍA;IMAGENOLOGÍA;1° PISO SECTOR D;IMAGENOLOGÍA;
262;INSTALACIÓN DE SONDA YEYUNAL ;IMAGENOLOGÍA;1° PISO SECTOR D;IMAGENOLOGÍA;
263;MAMOGRAFÍA;IMAGENOLOGÍA;1° PISO SECTOR D;IMAGENOLOGÍA;
264;PAAF NÓDULO TIROIDE;IMAGENOLOGÍA;1° PISO SECTOR D;IMAGENOLOGÍA;
265;PIELO TAC;IMAGENOLOGÍA;1° PISO SECTOR D;IMAGENOLOGÍA;
266;PIELOGRAFÍA DE ELIMINACIÓN ;IMAGENOLOGÍA;1° PISO SECTOR D;IMAGENOLOGÍA;
267;PREPARACIÓN TIROIDE;IMAGENOLOGÍA;1° PISO SECTOR D;IMAGENOLOGÍA;
268;PREPRACIÓN CORE;IMAGENOLOGÍA;1° PISO SECTOR D;IMAGENOLOGÍA;
269;PROYECCIONES COMPLEMENTARIAS;IMAGENOLOGÍA;1° PISO SECTOR D;IMAGENOLOGÍA;
270;PROYECCIONES ESPECIALES AXIAL-BASE-TOWNE ;IMAGENOLOGÍA;1° PISO SECTOR D;IMAGENOLOGÍA;
271;PROYECCIONES ESPECIALES L-AXIAL-ALAR-SACROILIACAS;IMAGENOLOGÍA;1° PISO SECTOR D;IMAGENOLOGÍA;
272;PROYECCIONES ESPECIALES OBLICUAS-AXIAL;IMAGENOLOGÍA;1° PISO SECTOR D;IMAGENOLOGÍA;
273;PUNCIÓN TIROIDE;IMAGENOLOGÍA;1° PISO SECTOR D;IMAGENOLOGÍA;
274;RADIOGRAFÍA ABDOMEN SIMPLE AP;IMAGENOLOGÍA;1° PISO SECTOR D;IMAGENOLOGÍA;
275;RADIOGRAFÍA AXIAL PELVIS;IMAGENOLOGÍA;1° PISO SECTOR D;IMAGENOLOGÍA;
276;RADIOGRAFÍA CARPO - EDAD ÓSEA;IMAGENOLOGÍA;1° PISO SECTOR D;IMAGENOLOGÍA;
277;RADIOGRAFÍA CAVUM - RINOFARINGEO;IMAGENOLOGÍA;1° PISO SECTOR D;IMAGENOLOGÍA;
278;RADIOGRAFÍA CLAVÍCULA AP L;IMAGENOLOGÍA;1° PISO SECTOR D;IMAGENOLOGÍA;
279;RADIOGRAFÍA COLUMNA TOTAL ;IMAGENOLOGÍA;1° PISO SECTOR D;IMAGENOLOGÍA;
280;RADIOGRAFÍA COLUMNA TOTAL AP;IMAGENOLOGÍA;1° PISO SECTOR D;IMAGENOLOGÍA;
281;RADIOGRAFÍA COLUMNA TOTAL AP LAT;IMAGENOLOGÍA;1° PISO SECTOR D;IMAGENOLOGÍA;
282;RADIOGRAFÍA CPN ÓRBITAS-HUESOS PROPIOS-MALAR;IMAGENOLOGÍA;1° PISO SECTOR D;IMAGENOLOGÍA;
283;RADIOGRAFÍA DE BRAZO;IMAGENOLOGÍA;1° PISO SECTOR D;IMAGENOLOGÍA;
284;RADIOGRAFÍA DE COLUMNA AP L (LATERAL);IMAGENOLOGÍA;1° PISO SECTOR D;IMAGENOLOGÍA;
285;RADIOGRAFÍA DE COLUMNA AP L-O (LATERAL-OBLICUA);IMAGENOLOGÍA;1° PISO SECTOR D;IMAGENOLOGÍA;
286;RADIOGRAFÍA DE COLUMNA DORSAL AP L (LATERAL);IMAGENOLOGÍA;1° PISO SECTOR D;IMAGENOLOGÍA;
287;RADIOGRAFÍA DE COLUMNA LUMBAR AP - (LATERAL);IMAGENOLOGÍA;1° PISO SECTOR D;IMAGENOLOGÍA;
288;RADIOGRAFÍA DE COLUMNA LUMBAR OBLICUA (1 PROYECCIÓN);IMAGENOLOGÍA;1° PISO SECTOR D;IMAGENOLOGÍA;
289;RADIOGRAFÍA DE CRÁNEO;IMAGENOLOGÍA;1° PISO SECTOR D;IMAGENOLOGÍA;
290;RADIOGRAFÍA DE DORSO LUMBAR;IMAGENOLOGÍA;1° PISO SECTOR D;IMAGENOLOGÍA;
291;RADIOGRAFÍA DE OÍDOS;IMAGENOLOGÍA;1° PISO SECTOR D;IMAGENOLOGÍA;
292;RADIOGRAFÍA DE PIES-DEDO-TOBILLO-MANO-CODO-MUÑECA;IMAGENOLOGÍA;1° PISO SECTOR D;IMAGENOLOGÍA;
293;RADIOGRAFÍA DE TÓRAX;IMAGENOLOGÍA;1° PISO SECTOR D;IMAGENOLOGÍA;
294;RADIOGRAFÍA EEII Y L ES POR TRES;IMAGENOLOGÍA;1° PISO SECTOR D;IMAGENOLOGÍA;
295;RADIOGRAFÍA ESCAFOIDES CARPIANO;IMAGENOLOGÍA;1° PISO SECTOR D;IMAGENOLOGÍA;
296;RADIOGRAFÍA FUNCIONAL CERVICAL - DINÁMICA;IMAGENOLOGÍA;1° PISO SECTOR D;IMAGENOLOGÍA;
297;RADIOGRAFÍA LUMBAR- FUNCIONAL O DINÁMICA;IMAGENOLOGÍA;1° PISO SECTOR D;IMAGENOLOGÍA;
298;RADIOGRAFÍA MUÑECA AP L-OBLICUA-TOBILLO AP L;IMAGENOLOGÍA;1° PISO SECTOR D;IMAGENOLOGÍA;
299;RADIOGRAFÍA PARRILLA COSTAL (BILATERAL POR DOS);IMAGENOLOGÍA;1° PISO SECTOR D;IMAGENOLOGÍA;
300;RADIOGRAFÍA PELVIS ;IMAGENOLOGÍA;1° PISO SECTOR D;IMAGENOLOGÍA;
301;RADIOGRAFÍA PELVIS AP CADERAS AP;IMAGENOLOGÍA;1° PISO SECTOR D;IMAGENOLOGÍA;
302;RADIOGRAFÍA PENE;IMAGENOLOGÍA;1° PISO SECTOR D;IMAGENOLOGÍA;
303;RADIOGRAFÍA RENAL SIMPLE;IMAGENOLOGÍA;1° PISO SECTOR D;IMAGENOLOGÍA;
304;RADIOGRAFÍA RODILLA-HOMBRO-PIERNA-FÉMUR;IMAGENOLOGÍA;1° PISO SECTOR D;IMAGENOLOGÍA;
305;RADIOGRAFÍA SACROCOXIS AP L ARTIC.SACROILIACAS;IMAGENOLOGÍA;1° PISO SECTOR D;IMAGENOLOGÍA;
306;RADIOGRAFÍA SILLA TURCA AP L;IMAGENOLOGÍA;1° PISO SECTOR D;IMAGENOLOGÍA;
307;RADIOGRAFÍA TÓRAX AP;IMAGENOLOGÍA;1° PISO SECTOR D;IMAGENOLOGÍA;
308;RADIOGRAFÍA TÓRAX PORTATIL;IMAGENOLOGÍA;1° PISO SECTOR D;IMAGENOLOGÍA;
309;RADIOGRAFÍA TÚNEL DE RODILLAS;IMAGENOLOGÍA;1° PISO SECTOR D;IMAGENOLOGÍA;
310;RADIOGRAFÍA VESICAL;IMAGENOLOGÍA;1° PISO SECTOR D;IMAGENOLOGÍA;
311;RESONANCIA MAGNÉTICA ABDOMEN ;IMAGENOLOGÍA;1° PISO SECTOR D;IMAGENOLOGÍA;
312;RESONANCIA MAGNÉTICA ABDOMEN Y PELVIS;IMAGENOLOGÍA;1° PISO SECTOR D;IMAGENOLOGÍA;
313;RESONANCIA MAGNÉTICA ART. MANDIBULARES;IMAGENOLOGÍA;1° PISO SECTOR D;IMAGENOLOGÍA;
314;RESONANCIA MAGNÉTICA BRAZO - ANTEBRAZO;IMAGENOLOGÍA;1° PISO SECTOR D;IMAGENOLOGÍA;
315;RESONANCIA MAGNÉTICA CAVIDADES PERINASALES;IMAGENOLOGÍA;1° PISO SECTOR D;IMAGENOLOGÍA;
316;RESONANCIA MAGNÉTICA CEREBRAL ;IMAGENOLOGÍA;1° PISO SECTOR D;IMAGENOLOGÍA;
317;RESONANCIA MAGNÉTICA CEREBRAL CON PROTOCOLO DE EPILEPSIA;IMAGENOLOGÍA;1° PISO SECTOR D;IMAGENOLOGÍA;
318;RESONANCIA MAGNÉTICA COLANGIO;IMAGENOLOGÍA;1° PISO SECTOR D;IMAGENOLOGÍA;
319;RESONANCIA MAGNÉTICA COLUMNA CERVICAL;IMAGENOLOGÍA;1° PISO SECTOR D;IMAGENOLOGÍA;
320;RESONANCIA MAGNÉTICA COLUMNA DORSAL;IMAGENOLOGÍA;1° PISO SECTOR D;IMAGENOLOGÍA;
321;RESONANCIA MAGNÉTICA COLUMNA LUMBAR O PROTOCOLO PEP;IMAGENOLOGÍA;1° PISO SECTOR D;IMAGENOLOGÍA;
322;RESONANCIA MAGNÉTICA DE CODO;IMAGENOLOGÍA;1° PISO SECTOR D;IMAGENOLOGÍA;
323;RESONANCIA MAGNÉTICA DE CODO CORAZÓN ;IMAGENOLOGÍA;1° PISO SECTOR D;IMAGENOLOGÍA;
324;RESONANCIA MAGNÉTICA DE CUELLO;IMAGENOLOGÍA;1° PISO SECTOR D;IMAGENOLOGÍA;
325;RESONANCIA MAGNÉTICA DE HOMBRO;IMAGENOLOGÍA;1° PISO SECTOR D;IMAGENOLOGÍA;
326;RESONANCIA MAGNÉTICA DE MAMAS;IMAGENOLOGÍA;1° PISO SECTOR D;IMAGENOLOGÍA;
327;RESONANCIA MAGNÉTICA DE MUSLO;IMAGENOLOGÍA;1° PISO SECTOR D;IMAGENOLOGÍA;
328;RESONANCIA MAGNÉTICA DE PIE - TOBILLO;IMAGENOLOGÍA;1° PISO SECTOR D;IMAGENOLOGÍA;
329;RESONANCIA MAGNÉTICA DE PIERNA;IMAGENOLOGÍA;1° PISO SECTOR D;IMAGENOLOGÍA;
330;RESONANCIA MAGNÉTICA DE TÓRAX AP L;IMAGENOLOGÍA;1° PISO SECTOR D;IMAGENOLOGÍA;
331;RESONANCIA MAGNÉTICA MANO MUÑECA;IMAGENOLOGÍA;1° PISO SECTOR D;IMAGENOLOGÍA;
332;RESONANCIA MAGNÉTICA MÉDULA COMPLETA O COLUMNA TOTAL;IMAGENOLOGÍA;1° PISO SECTOR D;IMAGENOLOGÍA;
333;RESONANCIA MAGNÉTICA ÓRBITAS;IMAGENOLOGÍA;1° PISO SECTOR D;IMAGENOLOGÍA;
334;RESONANCIA MAGNÉTICA PELVIS O SACROILIACAS;IMAGENOLOGÍA;1° PISO SECTOR D;IMAGENOLOGÍA;
335;RESONANCIA MAGNÉTICA RODILLA;IMAGENOLOGÍA;1° PISO SECTOR D;IMAGENOLOGÍA;
336;RESONANCIA MAGNÉTICA SILLA TURCA O HIPÓFISIS;IMAGENOLOGÍA;1° PISO SECTOR D;IMAGENOLOGÍA;
337;TAC ABDOMINAL;IMAGENOLOGÍA;1° PISO SECTOR D;IMAGENOLOGÍA;
338;TAC ABDOMEN Y PELVIS;IMAGENOLOGÍA;1° PISO SECTOR D;IMAGENOLOGÍA;
339;TAC ÁNGULO PONTOCEREBELOSO;IMAGENOLOGÍA;1° PISO SECTOR D;IMAGENOLOGÍA;
340;TAC ATM ARTICULACIONES TEMPORO MANDIBULAR;IMAGENOLOGÍA;1° PISO SECTOR D;IMAGENOLOGÍA;
341;TAC CAVIDADES PERINASALES;IMAGENOLOGÍA;1° PISO SECTOR D;IMAGENOLOGÍA;
342;TAC CEREBRO;IMAGENOLOGÍA;1° PISO SECTOR D;IMAGENOLOGÍA;
343;TAC COLUMNA CERVICAL;IMAGENOLOGÍA;1° PISO SECTOR D;IMAGENOLOGÍA;
344;TAC COLUMNA DORSAL;IMAGENOLOGÍA;1° PISO SECTOR D;IMAGENOLOGÍA;
345;TAC COLUMNA LUMBAR;IMAGENOLOGÍA;1° PISO SECTOR D;IMAGENOLOGÍA;
346;TAC CUELLO;IMAGENOLOGÍA;1° PISO SECTOR D;IMAGENOLOGÍA;
347;TAC DE OÍDO SIN CONTRASTE;IMAGENOLOGÍA;1° PISO SECTOR D;IMAGENOLOGÍA;
348;TAC DE ÓRBITA;IMAGENOLOGÍA;1° PISO SECTOR D;IMAGENOLOGÍA;
349;TAC DE TÓRAX;IMAGENOLOGÍA;1° PISO SECTOR D;IMAGENOLOGÍA;
350;TAC EXTREMIDADES;IMAGENOLOGÍA;1° PISO SECTOR D;IMAGENOLOGÍA;
351;TAC OÍDO O PEÑAZCO;IMAGENOLOGÍA;1° PISO SECTOR D;IMAGENOLOGÍA;
352;TAC PELVIS;IMAGENOLOGÍA;1° PISO SECTOR D;IMAGENOLOGÍA;
353;TAC SILLA TURCA/HIPÓFISIS;IMAGENOLOGÍA;1° PISO SECTOR D;IMAGENOLOGÍA;
354;TAC SIN CONTRASTE;IMAGENOLOGÍA;1° PISO SECTOR D;IMAGENOLOGÍA;
355;TELERADIOGRAFÍA EEII AP;IMAGENOLOGÍA;1° PISO SECTOR D;IMAGENOLOGÍA;
356;TELERADIOGRAFÍA EEII AP - LATERAL;IMAGENOLOGÍA;1° PISO SECTOR D;IMAGENOLOGÍA;
357;TRÁNSITO COLÓNICOS CON MARCADORES;IMAGENOLOGÍA;1° PISO SECTOR D;IMAGENOLOGÍA;
358;URETROCISTOGRAFÍA;IMAGENOLOGÍA;1° PISO SECTOR D;IMAGENOLOGÍA;
359;URETROCISTOGRAFÍA MICCIONAL;IMAGENOLOGÍA;1° PISO SECTOR D;IMAGENOLOGÍA;
360;URETROGRAFÍA;IMAGENOLOGÍA;1° PISO SECTOR D;IMAGENOLOGÍA;
361;URO TAC;IMAGENOLOGÍA;1° PISO SECTOR D;IMAGENOLOGÍA;
362;VIDEOFLUOROSCOPÍA POR DEGLUCIÓN (VFSE/VIDEODEGLUCIÓN);IMAGENOLOGÍA;1° PISO SECTOR D;IMAGENOLOGÍA;
363;TRÁNSITO CON MARCADORES;IMAGENOLOGIA;1° PISO SECTOR D;IMAGENOLOGIA;
364;TRÁNSITO ESÓFAGOGASTRODUODENAL;IMAGENOLOGIA;1° PISO SECTOR D;IMAGENOLOGIA;
365;BIOPSIA DE MÉDULA;HEMATOLOGÍA;4° PISO SECTOR D;SERVICIO HEMATOLOGÍA;
366;ADMINISTRACIÓN DE ANTICONCEPTIVOS VÍA INTRAMUSCULAR;GINECOLOGÍA;1° PISO SECTOR A;ESTACIÓN DE ENFERMERÍA A-122;ATENCIÓN HORA 09:30-16:00 HRS.
367;AMNIOCENTESIS;GINECOLOGÍA;1° PISO SECTOR A;CALL CENTER/CAJAS ;ATENCIÓN HORA 08:30-17:00 HRS.
368;BIOPSIA DE ENDOMETRIO;GINECOLOGÍA;1° PISO SECTOR A;ESTACIÓN DE ENFERMERÍA/TELÉFONO GINE;ESTACIÓN DE ENFERMERÍA A-122 (1° PISO A) O LLAMAR 229788107 DE 08:00-16:10 HRS.
369;BIOPSIA DE VELLOCIDADES CORIALES;GINECOLOGÍA;1° PISO SECTOR A;CALL CENTER/CAJAS ;ATENCIÓN HORA 08:30-17:00 HRS.
370;BIOPSIA VULVAR;GINECOLOGÍA;1° PISO SECTOR A;ESTACIÓN DE ENFERMERÍA/TELÉFONO GINE;ESTACIÓN DE ENFERMERÍA A-122 (1° PISO A) O LLAMAR 229788107 DE 08:00-16:10 HRS.
371;CISTOMETRÍA SIMPLE ;GINECOLOGÍA;1° PISO SECTOR A;ESTACIÓN DE ENFERMERÍA/TELÉFONO GINE;ESTACIÓN DE ENFERMERÍA A-122 (1° PISO A) O LLAMAR 229788107 DE 08:00-16:10 HRS.
372;COLPOSCOPÍA+BIOPSIA;GINECOLOGÍA;1° PISO SECTOR A;ESTACIÓN DE ENFERMERÍA/TELÉFONO GINE;ESTACIÓN DE ENFERMERÍA A-122 (1° PISO A) O LLAMAR 229788107 DE 08:00-16:10 HRS.
373;CORDOCENTESIS;GINECOLOGÍA;1° PISO SECTOR A;CALL CENTER/CAJAS ;ATENCIÓN HORA 08:30-17:00 HRS.
374;CRIOTERAPIA;GINECOLOGÍA;1° PISO SECTOR A;ESTACIÓN DE ENFERMERÍA/TELÉFONO GINE;ESTACIÓN DE ENFERMERÍA A-122 (1° PISO A) O LLAMAR 229788107 DE 08:00-16:10 HRS.
375;DOPPLER FETAL COMPLETO;GINECOLOGÍA;1° PISO SECTOR A;CALL CENTER/CAJAS ;ATENCIÓN HORA 08:30-17:00 HRS.
376;ECOCARDIOGRAFÍA FETAL;GINECOLOGÍA;1° PISO SECTOR A;CALL CENTER/CAJAS ;ATENCIÓN HORA 08:30-17:00 HRS.
377;ECOGRAFÍA DE RECUENTO FOLICULAR;GINECOLOGÍA;1° PISO SECTOR A;CALL CENTER/CAJAS ;ATENCIÓN HORA 08:30-17:00 HRS.
378;ECOGRAFÍA DOPPLER;GINECOLOGÍA;1° PISO SECTOR A;CALL CENTER/CAJAS ;ATENCIÓN HORA 08:30-17:00 HRS.
379;ECOGRAFÍA GINECOLÓGICA TRANSVAGINAL O TRANSRECTAL ;GINECOLOGÍA;1° PISO SECTOR A;CALL CENTER/CAJAS ;ATENCIÓN HORA DE 08:30-17:00 HRS.
380;ECOGRAFÍA PARA SEGUIMIENTO FOLICULAR;GINECOLOGÍA;1° PISO SECTOR A;CALL CENTER/CAJAS ;ATENCIÓN HORA 08:30-17:00 HRS.
381;ECOGRAFÍA PISO PÉLVICO;GINECOLOGÍA;1° PISO SECTOR A;ESTACIÓN DE ENFERMERÍA/TELÉFONO GINE;ESTACIÓN DE ENFERMERÍA A-122 (1° PISO A) O LLAMAR 229788107.
382;ESPERMIOGRAMA;GINECOLOGÍA;1° PISO SECTOR A;CALL CENTER/CAJAS ;ATENCIÓN HORA 08:00-11:40 HRS. 
383;FULGURACIÓN;GINECOLOGÍA;1° PISO SECTOR A;ESTACIÓN DE ENFERMERÍA/TELÉFONO GINE;ESTACIÓN DE ENFERMERÍA A-122 (1° PISO A) O LLAMAR 229788107 DE 08:00-16:10 HRS.
384;HISTEROSCOPÍA;GINECOLOGÍA;1° PISO SECTOR A;ESTACIÓN DE ENFERMERÍA/TELÉFONO GINE;ESTACIÓN DE ENFERMERÍA A-122 (1° PISO A) O LLAMAR 229788107 DE 08:00-16:10 HRS.
385;HISTEROSONOGRAFÍA ;GINECOLOGÍA;1° PISO SECTOR A;ESTACIÓN DE ENFERMERÍA/TELÉFONO GINE;ESTACIÓN DE ENFERMERÍA A-122 (1° PISO A) O LLAMAR 229788107.
386;IMPLANTE ANTICONCEPTIVO (IMPLANON);GINECOLOGÍA;1° PISO SECTOR A;ESTACIÓN DE ENFERMERÍA/TELÉFONO GINE;ESTACIÓN DE ENFERMERÍA A-122 (1° PISO A) O LLAMAR 229788107 DE 08:00-16:10 HRS.
387;POLIPECTOMÍA CERVICAL;GINECOLOGÍA;1° PISO SECTOR A;ESTACIÓN DE ENFERMERÍA/TELÉFONO GINE;ESTACIÓN DE ENFERMERÍA A-122 (1° PISO A) O LLAMAR 229788107 DE 08:00-16:10 HRS.
388;RETIRO IMPLANTE ANTICONCEPTIVO (IMPLANON);GINECOLOGÍA;1° PISO SECTOR A;ESTACIÓN DE ENFERMERÍA/TELÉFONO GINE;ESTACIÓN DE ENFERMERÍA A-122 (1° PISO A) O LLAMAR 229788107 DE 08:00-16:10 HRS.
389;CÁPSULA ENDOSCÓPICA;GASTROENTEROLOGÍA;3° PISO SECTOR D;SERVICIO GASTROENTEROLOGÍA;REQUIERE EVALUACIÓN MÉDICA/PROCEDIMIENTO PUEDE SER AMBULATORIO O CON HOSPITALIZACIÓN
390;COLANGIOPANCREATOGRAFÍA RETRÓGADA ENDOSCÓPICA (ERCP);GASTROENTEROLOGÍA;3° PISO SECTOR D;SERVICIO GASTROENTEROLOGÍA;REQUIERE EVALUACIÓN MÉDICA/PROCEDIMIENTO PUEDE SER AMBULATORIO O CON HOSPITALIZACIÓN
391;COLONOSCOPÍA;GASTROENTEROLOGÍA;3° PISO SECTOR D;SERVICIO GASTROENTEROLOGÍA;SI FUERA CON POLIPECTOMÍA REQUIERE EVALUACIÓN MÉDICA
392;DILATACIONES ENDOSCÓPICAS;GASTROENTEROLOGÍA;3° PISO SECTOR D;SERVICIO GASTROENTEROLOGÍA;REQUIERE EVALUACIÓN MÉDICA/PROCEDIMIENTO PUEDE SER AMBULATORIO O CON HOSPITALIZACIÓN
393;DISECCIÓN SUBMUCOSA;GASTROENTEROLOGÍA;3° PISO SECTOR D;SERVICIO GASTROENTEROLOGÍA;REQUIERE EVALUACIÓN MÉDICA/PROCEDIMIENTO PUEDE SER AMBULATORIO O CON HOSPITALIZACIÓN
394;ELECTROGASTROGRAFÍA;GASTROENTEROLOGÍA;3° PISO SECTOR D;SERVICO GASTROENTEROLOGÍA ;PERTENECE LAB.ESTUDIOS FUNCIONALES DIGESTIVOS
395;ENDOSCOPÍA CON ARGÓN PLASMA;GASTROENTEROLOGÍA;3° PISO SECTOR D;CENTRO DE DIAGNÓSTICO;
396;ENDOSCOPÍA CON TEST DE UREASEA;GASTROENTEROLOGÍA;3° PISO SECTOR D;CENTRO DE DIAGNÓSTICO;
397;ENDOSCOPÍA DIGESTIVA ALTA (PANENDOSCOPÍA-EDA);GASTROENTEROLOGÍA;3° PISO SECTOR D;CENTRO DE DIAGNÓSTICO;SI FUERA CON POLIPECTOMÍA REQUIERE EVALUACIÓN MÉDICA
398;ENDOSONOGRAFÍA ALTA (ULTRASONOGRAFÍA-END);GASTROENTEROLOGÍA;3° PISO SECTOR D;SERVICIO GASTROENTEROLOGÍA;REQUIERE EVALUACIÓN MÉDICA/PROCEDIMIENTO PUEDE SER AMBULATORIO O CON HOSPITALIZACIÓN
399;ENDOSONOGRAFÍA ANO-RECTAL;GASTROENTEROLOGÍA;3° PISO SECTOR D;SERVICIO GASTROENTEROLOGÍA;    1 PACIENTE VIENE CON ORDEN DE LA DRA. SANGUINETTI ENVIAR A UPA CON DÉBORA. 
400;ENDOSONOGRAFÍA CON PUNCIÓN ;GASTROENTEROLOGÍA;3° PISO SECTOR D;SERVICIO GASTROENTEROLOGÍA;REQUIERE EVALUACIÓN MÉDICA/PROCEDIMIENTO PUEDE SER AMBULATORIO O CON HOSPITALIZACIÓN
401;ENTEROSCOPÍA;GASTROENTEROLOGÍA;3° PISO SECTOR D;SERVICIO GASTROENTEROLOGÍA;
402;ENTEROSCOPÍA RETRÓGADA O ANTERÓGRADA;GASTROENTEROLOGÍA;3° PISO SECTOR D;SERVICIO GASTROENTEROLOGÍA;REQUIERE EVALUACIÓN MÉDICA/PROCEDIMIENTO PUEDE SER AMBULATORIO O CON HOSPITALIZACIÓN
403;FIBROSCAN (FIBROTOUCH-ELASTOGRAFÍA DE TRANSICIOÓN HEPÁTICA);GASTROENTEROLOGÍA;3° PISO SECTOR D;SERVICO GASTROENTEROLOGÍA ;PERTENECE LAB.ESTUDIOS FUNCIONALES DIGESTIVOS
404;GASTROSTOMÍA ENDOSCÓPICA PERCUTÁNEA;GASTROENTEROLOGÍA;3° PISO SECTOR D;SERVICIO GASTROENTEROLOGÍA;REQUIERE EVALUACIÓN MÉDICA/PROCEDIMIENTO PUEDE SER AMBULATORIO O CON HOSPITALIZACIÓN
405;IMPEDANCIOMETRÍA ESOFÁGICA DE 24 HORAS;GASTROENTEROLOGÍA;3° PISO SECTOR D;SERVICO GASTROENTEROLOGÍA ;PERTENECE LAB.ESTUDIOS FUNCIONALES DIGESTIVOS
406;INSTALACIÓN DE SONDA NASOYEYUNAL;GASTROENTEROLOGÍA;3° PISO SECTOR D;SERVICIO GASTROENTEROLOGÍA;REQUIERE EVALUACIÓN MÉDICA/PROCEDIMIENTO PUEDE SER AMBULATORIO O CON HOSPITALIZACIÓN
407;LIGADURA DE VÁRICES;GASTROENTEROLOGÍA;3° PISO SECTOR D;SERVICIO GASTROENTEROLOGÍA;
408;MANOMETRÍA ANORECTAL DE ALTA RESOLUCIÓN;GASTROENTEROLOGÍA;3° PISO SECTOR D;SERVICO GASTROENTEROLOGÍA ;PERTENECE LAB.ESTUDIOS FUNCIONALES DIGESTIVOS
409;MANOMETRÍA INTESTINAL;GASTROENTEROLOGÍA;3° PISO SECTOR D;SERVICO GASTROENTEROLOGÍA ;PERTENECE LAB.ESTUDIOS FUNCIONALES DIGESTIVOS
410;MUCOSECTOMÍA ENDOSCÓPICA ;GASTROENTEROLOGÍA;3° PISO SECTOR D;SERVICIO GASTROENTEROLOGÍA;REQUIERE EVALUACIÓN MÉDICA/PROCEDIMIENTO PUEDE SER AMBULATORIO O CON HOSPITALIZACIÓN
411;PH METRÍA ESOFÁGICA 24 HORAS;GASTROENTEROLOGÍA;3° PISO SECTOR D;SERVICO GASTROENTEROLOGÍA ;PERTENECE LAB.ESTUDIOS FUNCIONALES DIGESTIVOS
412;POEM;GASTROENTEROLOGÍA;3° PISO SECTOR D;SERVICIO GASTROENTEROLOGÍA;REQUIERE EVALUACIÓN MÉDICA/PROCEDIMIENTO PUEDE SER AMBULATORIO O CON HOSPITALIZACIÓN
413;PRÓTESIS CON INSTALACIÓN ENDOCÓPICA;GASTROENTEROLOGÍA;3° PISO SECTOR D;SERVICIO GASTROENTEROLOGÍA;REQUIERE EVALUACIÓN MÉDICA/PROCEDIMIENTO PUEDE SER AMBULATORIO O CON HOSPITALIZACIÓN
414;TEST DE AIRE ESPIRADO ;GASTROENTEROLOGÍA;3° PISO SECTOR D;SERVICIO GASTROENTEROLOGÍA;
415;TEST DE AIRE ESPIRADO CON LACTULOSA;GASTROENTEROLOGÍA;3° PISO SECTOR D;SERVICIO GASTROENTEROLOGÍA;
416;TEST DE HIDRÓGENO ESPIRADO CON LACTOSA;GASTROENTEROLOGÍA;3° PISO SECTOR D;SERVICIO GASTROENTEROLOGÍA;
417;TEST DE SACIEDAD;GASTROENTEROLOGÍA;3° PISO SECTOR D;SERVICO GASTROENTEROLOGÍA ;PERTENECE LAB.ESTUDIOS FUNCIONALES DIGESTIVOS
418;ESTUDIO DE SIALOMETRÍA (CVFS-ESTUDIO DETERMINA CANTIDAD O VELOCIDAD DE FLUJO SALIVAL);FACULTAD DE ODONTOLOGÍA;AVDA. LA PAZ N° 750;FACULTAD DE ODONTOLOGÍA;ATENCIÓN TELÉFONOS 08:30 hasta 17:00 hrs. 229785040-229785026-229785021/agendas@odontologia.uchile.cl
419;BIOIMPEDANCIOMETRÍA;FACULTAD DE MEDICINA;SECTOR K;FACULTAD DE MEDICINA;DEPARTAMENTO DE NUTRICIÓN DE LA FACULTAD, ANEXO 86130 DESDE 08:30 HASTA 17:00 HRS.
420;TEST CUTÁNEO (REACCIÓN CUTÁNEA DE PARCHE-PRUEBA DE CONTACTO);DERMATOLOGÍA ;1° PISO SECTOR D;DERMATOLOGÍA;
421;ACARO TEST;DERMATOLOGÍA;1° PISO SECTOR D; DERMATOLOGÍA;
422;BIOPSIA DE PIEL;DERMATOLOGÍA;1° PISO SECTOR D;DERMATOLOGÍA;SE REALIZA SÓLO CON ÓRDENES INTERNAS
423;CULTIVO DE HONGOS DE UÑA;DERMATOLOGÍA;1° PISO SECTOR D;DERMATOLOGÍA;
424;DEMODEX;DERMATOLOGÍA;1° PISO SECTOR D;DERMATOLOGÍA;POR ORDEN DE LLEGADA
425;FOTOTERAPIA;DERMATOLOGÍA;1° PISO SECTOR D;DERMATOLOGÍA;
426;TEST DE FRANCK;DERMATOLOGÍA;1° PISO SECTOR D;DERMATOLOGÍA;
427;TEST MICOLÓGICO DIRECTO;DERMATOLOGÍA;1° PISO SECTOR D;DERMATOLOGÍA;
428;TRICOGRAMA;DERMATOLOGÍA;1° PISO SECTOR D;DERMATOLOGÍA;
429;BIOPSIA DE MUCOSA Y TEJIDOS BLANDOS;DENTOMAXILOFACIAL;1° PISO SECTOR B;DENTOMAXILOFACIAL;
430;BIOPSIA GLÁNDULAS SALIVALES;DENTOMAXILOFACIAL;1° PISO SECTOR B;DENTOMAXILOFACIAL;
431;BIOPSIA ÓSEA;DENTOMAXILOFACIAL;1° PISO SECTOR B;DENTOMAXILOFACIAL;
432;RADIOGRAFÍA 1/2 TOTAL SUP-INF.;DENTOMAXILOFACIAL;1° PISO SECTOR B;DENTOMAXILOFACIAL;
433;RADIOGRAFÍA ALETA MORDIDA;DENTOMAXILOFACIAL;1° PISO SECTOR B;DENTOMAXILOFACIAL;
434;RADIOGRAFÍA ATM BILATERAL;DENTOMAXILOFACIAL;1° PISO SECTOR B;DENTOMAXILOFACIAL;
435;RADIOGRAFÍA OCLUSAL;DENTOMAXILOFACIAL;1° PISO SECTOR B;DENTOMAXILOFACIAL;
436;RADIOGRAFÍA PANORÁMICA;DENTOMAXILOFACIAL;1° PISO SECTOR B;DENTOMAXILOFACIAL;
437;RADIOGRAFÍA RETROALVEAR;DENTOMAXILOFACIAL;1° PISO SECTOR B;DENTOMAXILOFACIAL;
438;RADIOGRAFÍA RETROALVEOLAR TOTAL;DENTOMAXILOFACIAL;1° PISO SECTOR B;DENTOMAXILOFACIAL;
439;SIALOGRAFÍAS;DENTOMAXILOFACIAL;1° PISO SECTOR B;DENTOMAXILOFACIAL;
440;TELERADIOGRAFÍA;DENTOMAXILOFACIAL;1° PISO SECTOR B;DENTOMAXILOFACIAL;
441;FONOAUDIOLOGÍA INFANTIL (PACIENTES EN ATENCIÓN PSIQUIÁTRICA);CLÍNICA PSIQUIÁTRICA ;AVDA. LA PAZ N° 1003;CLÍNICA PSIQUIÁTRICA ;
442;PSICOMETRÍA ADULTO E INFANTIL;CLÍNICA PSIQUIÁTRICA ;AVDA. LA PAZ N° 1003;CLÍNICA PSIQUIÁTRICA ;
443;PSICOTERAPIA INDIVIDUAL (POR PSICÓLOGOS);CLÍNICA PSIQUIÁTRICA ;AVDA. LA PAZ N° 1003;CLÍNICA PSIQUIÁTRICA ;
444;TERAPIA OCUPACIONAL INFANTIL (PACIENTES EN ATENCIÓN PSIQUIÁTRICA) ;CLÍNICA PSIQUIÁTRICA ;AVDA. LA PAZ N° 1003;CLÍNICA PSIQUIÁTRICA ;
445;TERAPIAS GRUPALES (ADICCIONES, TRASTORNO DE PERSONALIDAD Y PSIQUIATRÍA INFANTIL);CLÍNICA PSIQUIÁTRICA ;AVDA. LA PAZ N° 1003;CLÍNICA PSIQUIÁTRICA ;
446;TEST CAT (PSICOLOGÍA INFANTIL Y ADOLESCENTES);CLÍNICA PSIQUIÁTRICA ;AVDA. LA PAZ 1003;CLÍNICA PSIQUIÁTRICA ;
447;TEST DE RORSCHACH ;CLÍNICA PSIQUIÁTRICA ;AVDA. LA PAZ 1003;CLÍNICA PSIQUIÁTRICA ;
448;TEST NEUROPSI (PSICOLOGÍA ADOLESCENTES Y ADULTOS);CLÍNICA PSIQUIÁTRICA ;AVDA. LA PAZ 1003;CLÍNICA PSIQUIÁTRICA ;TEST QUE REEMPLAZA AL TEST DE BENDER
449;TEST TRO (PSICOLOGÍA ADOLESCENTES Y DULTOS);CLÍNICA PSIQUIÁTRICA ;AVDA. LA PAZ 1003;CLÍNICA PSIQUIÁTRICA ;
450;TEST WAIS IV (PSICOLOGÍA ADOLESCENTES Y ADULTOS);CLÍNICA PSIQUIÁTRICA ;AVDA. LA PAZ 1003;CLÍNICA PSIQUIÁTRICA ;
451;TEST WISC III (PSICOLOGÍA INFANTIL);CLÍNICA PSIQUIÁTRICA ;AVDA. LA PAZ 1003;CLÍNICA PSIQUIÁTRICA ;
452;EVNI (PVR DE EE.II);CENTRO DE DIAGNÓSTICO;1° PISO SECTOR B;CAJAS CENTRO DE DIAGNÓSTICO;
453;ECOCARDIOGRAMA;CARDIOLOGÍA;3° PISO SECTOR E;CENTRO DE DIAGNÓSTICO;
454;ECOCARDIOGRAMA BIDIMENSIONAL CON DOPPLER ;CARDIOLOGÍA;3° PISO SECTOR E;CENTRO DE DIAGNÓSTICO;
455;ECOCARDIOGRAMA DOPPLER INFANTIL;CARDIOLOGÍA;3° PISO SECTOR E;CENTRO DE DIAGNÓSTICO;
456;ECOCARDIOGRAMA INFANTIL;CARDIOLOGÍA;3° PISO SECTOR E;CENTRO DE DIAGNÓSTICO;
457;ECOCARDIOGRAMA TRANSTORÁCICO;CARDIOLOGÍA;3° PISO SECTOR E;CENTRO DE DIAGNÓSTICO;CUANDO ESTE EXAMEN VA CON TRANSESOFÁGICO LA HORA SE PIDE DIRECTO EN CARDIO
458;ELECTROCARDIOGRAMA;CARDIOLOGÍA;3° PISO SECTOR E;CENTRO DE DIAGNÓSTICO;
459;HOLTER 24 HORAS;CARDIOLOGÍA;3° PISO SECTOR E;ESTACIÓN DE ENFERMERÍA N°2;
460;HOLTER DE ARRITMIA;CARDIOLOGÍA;3° PISO SECTOR E;ESTACIÓN DE ENFERMERÍA N°2;
461;HOLTER DE FRECUENCIA CARDIACA O DE RITMO;CARDIOLOGÍA;3° PISO SECTOR E;CENTRO DE DIAGNÓSTICO;
462;HOLTER DE PRESIÓN ;CARDIOLOGÍA;3° PISO SECTOR E;CENTRO DE DIAGNÓSTICO;
463;HOLTER LOOP;CARDIOLOGÍA;3° PISO SECTOR E;ESTACIÓN DE ENFERMERÍA N°2;
464;MONITOREO DE PRESIÓN ARTERIAL ;CARDIOLOGÍA;3° PISO SECTOR E;CENTRO DE DIAGNÓSTICO;
465;TEST DE ESFUERZO (IGUAL A ERGOMETRÍA);CARDIOLOGÍA;3° PISO SECTOR E;CENTRO DE DIAGNÓSTICO;PRESUPUESO ADMISIÓN CON LORENA O INGRID
466;TIL TEST;CARDIOLOGÍA;3° PISO SECTOR E;CARDIOLOGÍA;
467;DIAGNÓSTICO DE CITOLOGÍA GINECOLÓGICA (PAPANICOLAOU);ANATOMÍA PATOLÓGICA;1° PISO SECTOR C (PATIO);ANATOMÍA PATOLÓGICA ;  LA MUESTRA SE TOMA EN GINECOLOGÍA
468;DIAGNÓSTICO DE CITOLOGÍA NO GINECOLÓGICA (LÍQUIDO PLEURAL, ASCÍTICO, PUNCIÓN TIROIDES BAJO ECOGRAFÍA, ETC);ANATOMÍA PATOLÓGICA;1° PISO SECTOR C (PATIO);ANATOMÍA PATOLÓGICA ;LA MUESTRA SE TOMA EN LOS SERVICIOS CLÍNICOS
469;ENZIMOHISTOQUÍMICA PARA BIOPSIAS MUESCULARES (PAS, NADH, NADOH, ATPASA, DESHIDROGENADA SUCCÍNICA, COX, ROJO CONGO);ANATOMÍA PATOLÓGICA;1° PISO SECTOR C (PATIO);ANATOMÍA PATOLÓGICA ;
470;HIBRIDACIÓN IN SITU (HIS) PARA HER2/NEU;ANATOMÍA PATOLÓGICA;1° PISO SECTOR C (PATIO);ANATOMÍA PATOLÓGICA ;
471;HISTOQUÍMICAS EN BIOPSIAS;ANATOMÍA PATOLÓGICA;1° PISO SECTOR C (PATIO);ANATOMÍA PATOLÓGICA ;
472;INMUNOFLURESCENCIA (PARA IGG, IGA, IGM, C3,FIBRINOGENO);ANATOMÍA PATOLÓGICA;1° PISO SECTOR C (PATIO);ANATOMÍA PATOLÓGICA ;
473;INMUNOHISTOQUÍMICA EN BIOPSIAS ;ANATOMÍA PATOLÓGICA;1° PISO SECTOR C (PATIO);ANATOMÍA PATOLÓGICA ;
474;PROCESAMIENTO Y DIAGNÓSTICO DE BIOPSIAS;ANATOMÍA PATOLÓGICA;1° PISO SECTOR C (PATIO);ANATOMÍA PATOLÓGICA ;
475;PROCESAMIENTO Y DIAGNÓSTICO DE BIOPSIAS INTRA OPERATORIAS ;ANATOMÍA PATOLÓGICA;1° PISO SECTOR C (PATIO);ANATOMÍA PATOLÓGICA ;MUESTRAS ENVIADAS DESDE PABELLONES DURANTE OPERACIÓN 
476;ABLACIÓN POR RADIOFRECUENCIA; RADIOLOGÍA INTERVENCIONAL;1° PISO SECTOR D;IMAGENOLOGÍA;
477;ALCOHOLIZACIÓN BAJO ULTRASONIDO POR TAC; RADIOLOGÍA INTERVENCIONAL;1° PISO SECTOR D;IMAGENOLOGÍA;
478;ALCOHOLIZACIÓN POR TAC; RADIOLOGÍA INTERVENCIONAL;1° PISO SECTOR D;IMAGENOLOGÍA;
479;ANGIOGRAFÍA + ANGIOPLASTÍA SELECTIVA; RADIOLOGÍA INTERVENCIONAL;1° PISO SECTOR D;IMAGENOLOGÍA;
480;ANGIOGRAFÍA DE EXTREMIDADES; RADIOLOGÍA INTERVENCIONAL;1° PISO SECTOR D;IMAGENOLOGÍA;
481;ANGIOGRAFÍA ESD; RADIOLOGÍA INTERVENCIONAL;1° PISO SECTOR D;IMAGENOLOGÍA;
482;ANGIOGRAFÍA EXTREMIDADES Y ABDOMINAL; RADIOLOGÍA INTERVENCIONAL;1° PISO SECTOR D;IMAGENOLOGÍA;
483;ANGIOGRAFÍA POR RESONANCIA; RADIOLOGÍA INTERVENCIONAL;1° PISO SECTOR D;IMAGENOLOGÍA;
484;ANGIOGRAFÍA SELECTIVA + CAVOGRAFÍA; RADIOLOGÍA INTERVENCIONAL;1° PISO SECTOR D;IMAGENOLOGÍA;
485;ANGIOPLASTÍA + STENT ESD + FLEBOGRAFÍA; RADIOLOGÍA INTERVENCIONAL;1° PISO SECTOR D;IMAGENOLOGÍA;
486;ANGIOPLASTÍA CAROTIDEA DERECHA CON STENT; RADIOLOGÍA INTERVENCIONAL;1° PISO SECTOR D;IMAGENOLOGÍA;
487;ANGIOPLASTÍA RENAL; RADIOLOGÍA INTERVENCIONAL;1° PISO SECTOR D;IMAGENOLOGÍA;
488;BIOPSIA ABDOMINAL LESIÓN FOCAL HEPÁTICA POR TAC; RADIOLOGÍA INTERVENCIONAL;1° PISO SECTOR D;IMAGENOLOGÍA;
489;BIOPSIA ABDOMINAL POR TAC; RADIOLOGÍA INTERVENCIONAL;1° PISO SECTOR D;IMAGENOLOGÍA;
490;BIOPSIA ADENOPATÍA ILIACA POR ECO; RADIOLOGÍA INTERVENCIONAL;1° PISO SECTOR D;IMAGENOLOGÍA;
491;BIOPSIA ADENOPATÍA SUPRACLAVICULAR DER.; RADIOLOGÍA INTERVENCIONAL;1° PISO SECTOR D;IMAGENOLOGÍA;
492;BIOPSIA AMDOMINAL POR ECO; RADIOLOGÍA INTERVENCIONAL;1° PISO SECTOR D;IMAGENOLOGÍA;
493;BIOPSIA CADERA DER. BAJO ECO; RADIOLOGÍA INTERVENCIONAL;1° PISO SECTOR D;IMAGENOLOGÍA;
494;BIOPSIA CERVICAL POR ECO; RADIOLOGÍA INTERVENCIONAL;1° PISO SECTOR D;IMAGENOLOGÍA;
495;BIOPSIA ENGROSAMIENTO OMENTAL; RADIOLOGÍA INTERVENCIONAL;1° PISO SECTOR D;IMAGENOLOGÍA;
496;BIOPSIA GLÚTEO IZQ POR ECO; RADIOLOGÍA INTERVENCIONAL;1° PISO SECTOR D;IMAGENOLOGÍA;
497;BIOPSIA HEPÁTICA LESIÓN FOCAL POR ECO; RADIOLOGÍA INTERVENCIONAL;1° PISO SECTOR D;IMAGENOLOGÍA;
498;BIOPSIA HEPÁTICA TRANSYUGULAR; RADIOLOGÍA INTERVENCIONAL;1° PISO SECTOR D;IMAGENOLOGÍA;
499;BIOPSIA HOMBRO BAJO ECO; RADIOLOGÍA INTERVENCIONAL;1° PISO SECTOR D;IMAGENOLOGÍA;
500;BIOPSIA LESIÓN COSTAL DER.BAJO TAC; RADIOLOGÍA INTERVENCIONAL;1° PISO SECTOR D;IMAGENOLOGÍA;
501;BIOPSIA LINFÁTICA INGUINAL DERECHO POR ECO; RADIOLOGÍA INTERVENCIONAL;1° PISO SECTOR D;IMAGENOLOGÍA;
502;BIOPSIA LINFONODO AXILAR BAJO ECO; RADIOLOGÍA INTERVENCIONAL;1° PISO SECTOR D;IMAGENOLOGÍA;
503;BIOPSIA MUSCULO ESQUELÉTICO BAJO ECO; RADIOLOGÍA INTERVENCIONAL;1° PISO SECTOR D;IMAGENOLOGÍA;
504;BIOPSIA NÓDULO SUPRACLAVICULAR IZQ.; RADIOLOGÍA INTERVENCIONAL;1° PISO SECTOR D;IMAGENOLOGÍA;
505;BIOPSIA ÓRGANOS ABDOMINALES BAJO TAC; RADIOLOGÍA INTERVENCIONAL;1° PISO SECTOR D;IMAGENOLOGÍA;
506;BIOPSIA OSEA BAJO TAC HÚMERO PROXIMAL IZQ.; RADIOLOGÍA INTERVENCIONAL;1° PISO SECTOR D;IMAGENOLOGÍA;
507;BIOPSIA OSEA COLUMNA LUMBAR BAJO TAC; RADIOLOGÍA INTERVENCIONAL;1° PISO SECTOR D;IMAGENOLOGÍA;
508;BIOPSIA OSEA FEMORAL POR TAC; RADIOLOGÍA INTERVENCIONAL;1° PISO SECTOR D;IMAGENOLOGÍA;
509;BIOPSIA OSEA POR TAC; RADIOLOGÍA INTERVENCIONAL;1° PISO SECTOR D;IMAGENOLOGÍA;
510;BIOPSIA OSEA POR TAC; RADIOLOGÍA INTERVENCIONAL;1° PISO SECTOR D;IMAGENOLOGÍA;
511;BIOPSIA OSEA RODILLA DERECHA BAJO TAC; RADIOLOGÍA INTERVENCIONAL;1° PISO SECTOR D;IMAGENOLOGÍA;
512;BIOPSIA OSEA Y ADENOPATÍAS BAJO TAC; RADIOLOGÍA INTERVENCIONAL;1° PISO SECTOR D;IMAGENOLOGÍA;
513;BIOPSIA PANCREAS BAJO TAC; RADIOLOGÍA INTERVENCIONAL;1° PISO SECTOR D;IMAGENOLOGÍA;
514;BIOPSIA PANCREÁTICA POR TAC Y ECO; RADIOLOGÍA INTERVENCIONAL;1° PISO SECTOR D;IMAGENOLOGÍA;
515;BIOPSIA PARED ABDOMINAL POR ECO; RADIOLOGÍA INTERVENCIONAL;1° PISO SECTOR D;IMAGENOLOGÍA;
516;BIOPSIA PARTES BLANDAS DEL TÓRAXPUNCIÓN BIOPSIA MEDIASTINO; RADIOLOGÍA INTERVENCIONAL;1° PISO SECTOR D;IMAGENOLOGÍA;
517;BIOPSIA PARTES BLANDAS ESTERNON; RADIOLOGÍA INTERVENCIONAL;1° PISO SECTOR D;IMAGENOLOGÍA;
518;BIOPSIA PARTES BLANDAS HUECO POPLITEO POR ECO; RADIOLOGÍA INTERVENCIONAL;1° PISO SECTOR D;IMAGENOLOGÍA;
519;BIOPSIA PARTES BLANDAS PARIETAL IZQ.; RADIOLOGÍA INTERVENCIONAL;1° PISO SECTOR D;IMAGENOLOGÍA;
520;BIOPSIA PARTES BLANDAS TIBIA IZQ. BAJO ECO; RADIOLOGÍA INTERVENCIONAL;1° PISO SECTOR D;IMAGENOLOGÍA;
521;BIOPSIA PARTES BLANDAS TRAPECIO DERECHO BAJO ECO; RADIOLOGÍA INTERVENCIONAL;1° PISO SECTOR D;IMAGENOLOGÍA;
522;BIOPSIA PELVIS ÓSEA POR TAC; RADIOLOGÍA INTERVENCIONAL;1° PISO SECTOR D;IMAGENOLOGÍA;
523;BIOPSIA PERCUTÁNEA ABDOMINAL BAJO ECO; RADIOLOGÍA INTERVENCIONAL;1° PISO SECTOR D;IMAGENOLOGÍA;
524;BIOPSIA PERCUTÁNEA CERVICAL POR ECO; RADIOLOGÍA INTERVENCIONAL;1° PISO SECTOR D;IMAGENOLOGÍA;
525;BIOPSIA PERCUTÁNEA HEPÁTICA BAJO ECO; RADIOLOGÍA INTERVENCIONAL;1° PISO SECTOR D;IMAGENOLOGÍA;
526;BIOPSIA PERCUTÁNEA MUSLO IZQUIERDO POR ECO; RADIOLOGÍA INTERVENCIONAL;1° PISO SECTOR D;IMAGENOLOGÍA;
527;BIOPSIA PERCUTÁNEA OSEA BAJO ECO; RADIOLOGÍA INTERVENCIONAL;1° PISO SECTOR D;IMAGENOLOGÍA;
528;BIOPSIA PERCUTÁNEA PARTES BLANDAS ESTERNAL POR TAC; RADIOLOGÍA INTERVENCIONAL;1° PISO SECTOR D;IMAGENOLOGÍA;
529;BIOPSIA PERCUTÁNEA PSOAS POR TAC; RADIOLOGÍA INTERVENCIONAL;1° PISO SECTOR D;IMAGENOLOGÍA;
530;BIOPSIA PERONÉ PROXIMAL BAJO TAC Y ECO; RADIOLOGÍA INTERVENCIONAL;1° PISO SECTOR D;IMAGENOLOGÍA;
531;BIOPSIA PULMONAR POR TAC; RADIOLOGÍA INTERVENCIONAL;1° PISO SECTOR D;IMAGENOLOGÍA;
532;BIOPSIA RENAL BAJO ECO CON ANESTESIA GENERAL ; RADIOLOGÍA INTERVENCIONAL;1° PISO SECTOR D;IMAGENOLOGÍA;
533;BIOPSIA RENAL POR ECO; RADIOLOGÍA INTERVENCIONAL;1° PISO SECTOR D;IMAGENOLOGÍA;
534;BIOPSIA RETROPERITINEAL BAJO TAC; RADIOLOGÍA INTERVENCIONAL;1° PISO SECTOR D;IMAGENOLOGÍA;
535;BIOPSIA SINOVIAL TOBILLO DERECHO; RADIOLOGÍA INTERVENCIONAL;1° PISO SECTOR D;IMAGENOLOGÍA;
536;BIOPSIA SUBESCAPULAR IZQUIERDO; RADIOLOGÍA INTERVENCIONAL;1° PISO SECTOR D;IMAGENOLOGÍA;
537;BIOPSIA SUBMANDIBULAR  POR ECO Y EVENTUAL LESIÓN ESPLENICA; RADIOLOGÍA INTERVENCIONAL;1° PISO SECTOR D;IMAGENOLOGÍA;
538;BIOPSIA SUBMANDIBULAR POR ECO; RADIOLOGÍA INTERVENCIONAL;1° PISO SECTOR D;IMAGENOLOGÍA;
539;BIOPSIA TIBIA IZQ BAJO TAC; RADIOLOGÍA INTERVENCIONAL;1° PISO SECTOR D;IMAGENOLOGÍA;
540;BIOPSIA TIROIDE; RADIOLOGÍA INTERVENCIONAL;1° PISO SECTOR D;IMAGENOLOGÍA;
541;BIOPSIA TOBILLO DERECHO; RADIOLOGÍA INTERVENCIONAL;1° PISO SECTOR D;IMAGENOLOGÍA;
542;BIOPSIA TRUCUT MASA TUMORAL MUSLO POR ECO; RADIOLOGÍA INTERVENCIONAL;1° PISO SECTOR D;IMAGENOLOGÍA;
543;BIOPSIA VERTEBRAL T6 POR TAC; RADIOLOGÍA INTERVENCIONAL;1° PISO SECTOR D;IMAGENOLOGÍA;
544;BIOPSIAS HEPÁTICAS - RENALES - PULMONARES; RADIOLOGÍA INTERVENCIONAL;;IMAGENOLOGÍA;
545;BLOQUEO INTERCOSTAL POR TAC; RADIOLOGÍA INTERVENCIONAL;1° PISO SECTOR D;IMAGENOLOGÍA;
546;BLOQUEO NERVIO PUDENDO POR TAC; RADIOLOGÍA INTERVENCIONAL;1° PISO SECTOR D;IMAGENOLOGÍA;
547;BLOQUEO PLEXO CELIACO POR TAC; RADIOLOGÍA INTERVENCIONAL;1° PISO SECTOR D;IMAGENOLOGÍA;
548;BLOQUEO PLEXO CELIACO POR TAC (INFILTRACIÓN POR TAC); RADIOLOGÍA INTERVENCIONAL;1° PISO SECTOR D;IMAGENOLOGÍA;
549;CISTERNO TAC; RADIOLOGÍA INTERVENCIONAL;1° PISO SECTOR D;IMAGENOLOGÍA;
550;COLANGIOGRAFÍA Y EVENTUAL CAMBIO DRENAJE BILIAR; RADIOLOGÍA INTERVENCIONAL;1° PISO SECTOR D;IMAGENOLOGÍA;
551;COMPRESIÓN FEMORAL BAJO ECO (EVENTUAL TROMBINA); RADIOLOGÍA INTERVENCIONAL;1° PISO SECTOR D;IMAGENOLOGÍA;
552;DRENAJE BILIAR PERCUTÁNEO; RADIOLOGÍA INTERVENCIONAL;1° PISO SECTOR D;IMAGENOLOGÍA;
553;DRENAJE POR ECO, PIGTAIL ASCITICO; RADIOLOGÍA INTERVENCIONAL;1° PISO SECTOR D;IMAGENOLOGÍA;
554;EMBOLIZACIÓN ANEURISMA CEREBRAL ; RADIOLOGÍA INTERVENCIONAL;1° PISO SECTOR D;IMAGENOLOGÍA;
555;EMBOLIZACIÓN ARTERIAL BRONQUIAL; RADIOLOGÍA INTERVENCIONAL;1° PISO SECTOR D;IMAGENOLOGÍA;
556;EMBOLIZACIÓN ARTERIAS GENICULADAS; RADIOLOGÍA INTERVENCIONAL;1° PISO SECTOR D;IMAGENOLOGÍA;
557;EMBOLIZACIÓN DE MAV EXTREMIDADES (ALCOHOLIZCIÓN); RADIOLOGÍA INTERVENCIONAL;1° PISO SECTOR D;IMAGENOLOGÍA;
558;EMBOLIZACIÓN HEPÁTICA; RADIOLOGÍA INTERVENCIONAL;1° PISO SECTOR D;IMAGENOLOGÍA;
559;EMBOLIZACIÓN MAV CEREBRAL; RADIOLOGÍA INTERVENCIONAL;1° PISO SECTOR D;IMAGENOLOGÍA;
560;EMBOLIZACIÓN PELVIANA; RADIOLOGÍA INTERVENCIONAL;1° PISO SECTOR D;IMAGENOLOGÍA;
561;EMBOLIZACIÓN PORTAL; RADIOLOGÍA INTERVENCIONAL;1° PISO SECTOR D;IMAGENOLOGÍA;
562;EMBOLIZACIÓN SELECTIVA - PORTAL IZQUIERDO; RADIOLOGÍA INTERVENCIONAL;1° PISO SECTOR D;IMAGENOLOGÍA;
563;EMBOLIZACIÓN SELECTIVA ARTERIA UTERINA; RADIOLOGÍA INTERVENCIONAL;1° PISO SECTOR D;IMAGENOLOGÍA;
564;EMBOLIZACIÓN SELECTIVA FISTULA AV IZQ.; RADIOLOGÍA INTERVENCIONAL;1° PISO SECTOR D;IMAGENOLOGÍA;
565;EMBOLIZACIÓN SELECTIVA PELVIANA; RADIOLOGÍA INTERVENCIONAL;1° PISO SECTOR D;IMAGENOLOGÍA;
566;EMBOLIZACIÓN TRANSARTERIAL BRAZO; RADIOLOGÍA INTERVENCIONAL;1° PISO SECTOR D;IMAGENOLOGÍA;
567;EMBOLIZACIONES RENALES Y PULMONARES; RADIOLOGÍA INTERVENCIONAL;;IMAGENOLOGÍA;
568;ESCLEROTERAPIA (OH); RADIOLOGÍA INTERVENCIONAL;1° PISO SECTOR D;IMAGENOLOGÍA;
569;EVENTUAL ANGIOPLASTÍA ESD + FLEBOGRAFÍA; RADIOLOGÍA INTERVENCIONAL;1° PISO SECTOR D;IMAGENOLOGÍA;
570;FISTULOGRAFÍA; RADIOLOGÍA INTERVENCIONAL;1° PISO SECTOR D;IMAGENOLOGÍA;
571;FLEBOGRAFÍA BILATERAL; RADIOLOGÍA INTERVENCIONAL;1° PISO SECTOR D;IMAGENOLOGÍA;
572;FLEBOGRAFÍA EESS (AMBULATORIO); RADIOLOGÍA INTERVENCIONAL;1° PISO SECTOR D;IMAGENOLOGÍA;
573;FLEBOGRAFÍA EID (AMBULATORIO); RADIOLOGÍA INTERVENCIONAL;1° PISO SECTOR D;IMAGENOLOGÍA;
574;FLEBOGRAFÍA ESI (AMBULATORIO); RADIOLOGÍA INTERVENCIONAL;1° PISO SECTOR D;IMAGENOLOGÍA;
575;GASTROSTOMÍA (REEMPLAZO DE BOTÓN GÁSTRICO); RADIOLOGÍA INTERVENCIONAL;1° PISO SECTOR D;IMAGENOLOGÍA;
576;INSTALACIÓN CATETER RESERVORIO; RADIOLOGÍA INTERVENCIONAL;1° PISO SECTOR D;IMAGENOLOGÍA;
577;INSTALACIÓN DE GASTROSTOMÍA; RADIOLOGÍA INTERVENCIONAL;1° PISO SECTOR D;IMAGENOLOGÍA;
578;INSTALACIÓN DE NEUROPERITONEO; RADIOLOGÍA INTERVENCIONAL;1° PISO SECTOR D;IMAGENOLOGÍA;
579;INSTALACIÓN DE STENT VCS; RADIOLOGÍA INTERVENCIONAL;1° PISO SECTOR D;IMAGENOLOGÍA;
580;INSTALACIÓN DRENAJE DE ASCITIS POR ECO; RADIOLOGÍA INTERVENCIONAL;1° PISO SECTOR D;IMAGENOLOGÍA;
581;INSTALACIÓN PICC LINE; RADIOLOGÍA INTERVENCIONAL;1° PISO SECTOR D;IMAGENOLOGÍA;
582;LINFANGIOGRAFÍA (ANGIOGRAFÍA) V/S EMBOLIZACIÓN SELECTIVA; RADIOLOGÍA INTERVENCIONAL;1° PISO SECTOR D;IMAGENOLOGÍA;
583;LINFOGRAFÍA + EMBOLIZACIÓN + ANGIOGRAFÍA SELECTIVA; RADIOLOGÍA INTERVENCIONAL;1° PISO SECTOR D;IMAGENOLOGÍA;
584;NEFROSTOGRAFÍA (AMBULATORIO); RADIOLOGÍA INTERVENCIONAL;1° PISO SECTOR D;IMAGENOLOGÍA;
585;NEFROSTOMIA; RADIOLOGÍA INTERVENCIONAL;1° PISO SECTOR D;IMAGENOLOGÍA;
586;NEFROSTOMÍA + PIGTAIL ARTEROGRADO; RADIOLOGÍA INTERVENCIONAL;1° PISO SECTOR D;IMAGENOLOGÍA;
587;PICCLINE + ANGIOPLASTÍA SELECTIVA + EVENTUAL STENT; RADIOLOGÍA INTERVENCIONAL;1° PISO SECTOR D;IMAGENOLOGÍA;
588;PUNCIÓN BAJO ECO PLEURAL; RADIOLOGÍA INTERVENCIONAL;1° PISO SECTOR D;IMAGENOLOGÍA;
589;PUNCIÓN BIOPSIA ABDOMINAL BAJO ECO + DRENAJE LÍQUIDO ASCITICO; RADIOLOGÍA INTERVENCIONAL;1° PISO SECTOR D;IMAGENOLOGÍA;
590;PUNCIÓN BIOPSIA OSEA COLUMNA BAJO TAC; RADIOLOGÍA INTERVENCIONAL;1° PISO SECTOR D;IMAGENOLOGÍA;
591;PUNCIÓN BIOPSIA PELVIS OSEA BAJO TAC; RADIOLOGÍA INTERVENCIONAL;1° PISO SECTOR D;IMAGENOLOGÍA;
592;PUNCIÓN BIOPSIA PULMONAR BAJO POR TAC; RADIOLOGÍA INTERVENCIONAL;1° PISO SECTOR D;IMAGENOLOGÍA;
593;PUNCIÓN COLECCIÓN + DRENAJE CULTIVO Y CITOLOGÍA BAJO TAC; RADIOLOGÍA INTERVENCIONAL;1° PISO SECTOR D;IMAGENOLOGÍA;
594;PUNCIÓN DE TIROIDE; RADIOLOGÍA INTERVENCIONAL;1° PISO SECTOR D;IMAGENOLOGÍA;
595;PUNCIÓN DIAGNÓSTICA PELVIS BLANDA BAJO; RADIOLOGÍA INTERVENCIONAL;1° PISO SECTOR D;IMAGENOLOGÍA;
596;QUIMIO +  MICROONDAS; RADIOLOGÍA INTERVENCIONAL;1° PISO SECTOR D;IMAGENOLOGÍA;
597;QUIMIO+RADIOFRECUENCIA; RADIOLOGÍA INTERVENCIONAL;1° PISO SECTOR D;IMAGENOLOGÍA;
598;QUIMIOEMBOLIZACIÓN; RADIOLOGÍA INTERVENCIONAL;1° PISO SECTOR D;IMAGENOLOGÍA;
599;QUIMIOEMBOLIZACIÓN + RADIOFRECUENCIA + ALCOHOLIZACIÓN (QUIMIO+RF+OH); RADIOLOGÍA INTERVENCIONAL;1° PISO SECTOR D;IMAGENOLOGÍA;
600;RADIOFRECUENCIA (RF); RADIOLOGÍA INTERVENCIONAL;1° PISO SECTOR D;IMAGENOLOGÍA;
601;RADIOFRECUENCIA + ALCOHOLIZACIÓN ; RADIOLOGÍA INTERVENCIONAL;1° PISO SECTOR D;IMAGENOLOGÍA;
602;RADIOFRECUENCIA POR TAC; RADIOLOGÍA INTERVENCIONAL;1° PISO SECTOR D;IMAGENOLOGÍA;
603;RECAMBIO DE GASTROSTOMÍA; RADIOLOGÍA INTERVENCIONAL;1° PISO SECTOR D;IMAGENOLOGÍA;
604;RECAMBIO TUBO DE NEFROSTOMÍA; RADIOLOGÍA INTERVENCIONAL;1° PISO SECTOR D;IMAGENOLOGÍA;
605;ESTUDIO SECRECIÓN URETRAL ;UROLOGÍA;5° PISO SECTOR A;UROLOGÍA;POR CONFIRMAR
606;LITOTRIPSIA;UROLOGÍA;5° PISO SECTOR A;UROLOGÍA;POR CONFIRMAR
607;RETIRO SONDA GÁSTRICA ;U.P.A;1º PISO SECTOR B;U.P.A;POR CONFIRMAR
608;ECOGRAFÍA DOPPLER CAROTIDEA;RESPIRATORIO;4° PISO SECTOR B;;POR CONFIRMAR
609;OXIMETRÍA;RESPIRATORIO;4° PISO SECTOR B;;POR CONFIRMAR
610;PLESTIMOGRAFÍA DE PULMÓN;RESPIRATORIO;4° PISO SECTOR B;;POR CONFIRMAR
611;VIDEOBRONCOSCOPÍA;RESPIRATORIO;4° PISO SECTOR B;;POR CONFIRMAR
612;OPACIDAD CÁPSULA POSTERIOR;OFTALMOLOGÍA;1° PISO SECTOR E;;POR CONFIRMAR
613;PANFOTOCOAGULACIÓN;OFTALMOLOGÍA;1° PISO SECTOR E;;POR CONFIRMAR
614;UBM (ECOGRAFÍA ULTRABIOMICROSCÓPICA) ;OFTALMOLOGÍA;1° PISO SECTOR E;;POR CONFIRMAR
615;TEST DE UMBRALES TÉRMICOS ;NEUROLOGÍA;2° PISO SECTOR E;;POR CONFIRMAR
616;INMUNOTERAPIA DE ABEJA;INMUNOLOGÍA;5° PISO SECTOR E;;POR CONFIRMAR
617;CISTOGRAFÍA ISOTÓPICA INDIRECTA;IMAGENOLOGÍA;;;POR CONFIRMAR
618;DRENAJE LINFÁTICO;IMAGENOLOGÍA;;;POR CONFIRMAR
619;ECOGRAFÍA PROSTÁTICA;IMAGENOLOGÍA;;;POR CONFIRMAR
620;ECOMETRÍA;IMAGENOLOGÍA;;;POR CONFIRMAR
621;ESTUDIO METABÓLICO DE LITIASIS URINARIA;IMAGENOLOGÍA;;;POR CONFIRMAR
622;ORTOPANTOMOGRAFÍA;IMAGENOLOGÍA;;;POR CONFIRMAR
623;POOL PROACTIVO;IMAGENOLOGÍA;;;POR CONFIRMAR 
624;TEST ABREU;IMAGENOLOGÍA;;IMAGENOLOGÍA;POR CONFIRMAR
625;ENEMA DE COLÓN;GASTROENTEROLOGÍA;3° PISO SECTOR D;;POR CONFIRMAR
626;TEST DE ZANCK;DERMATOLOGÍA;;;POR CONFIRMAR
627;TEST DINITRO CLORO BENCENO;DERMATOLOGÍA;;;POR CONFIRMAR
628;LOOP  ;CARDIOLOGÍA;;CENTRO DE DIAGNÓSTICO;POR CONFIRMAR
629;LOOP RECORDER;CARDIOLOGÍA;;CENTRO DE DIAGNÓSTICO;POR CONFIRMAR
630;ANGIOGRAFÍA DE CEREBRO 4 VASOS;;;;NO SE REALIZA EN EL HOSPITAL
631;ANTIGENO CISTOCOCO EN SUERO;;;;NO SE REALIZA EN EL HOSPITAL
632;ARTERIOGRAFÍA ;;;;NO SE REALIZA EN EL HOSPITAL ( SI EN CLÍNICA INDISA)
633;BILITEC;;;;NO SE REALIZA EN EL HOSPITAL 
634;BIOPSIA DE PENE;;;;NO SE REALIZA EN EL HOSPITAL 
635;BIOPSIA ESTEROTÁXICA;;;;NO SE REALIZA EN EL HOSPITAL 
636;BIOPSIAS MUSCULARES ;;;;CORRESPONDEN A NEUROLOGÍA PERO NO SE REALIZAN EN EL HOSPITAL 
637;BORDETELLA PERTUSIS DETERMINACIÓN DE AG POR IF;;;;SUSPENDIDO EN EL HOSPITAL 
638;CALORIMETRÍA ;;;;NO SE REALIZA EN EL HOSPITAL, SI EN EL INTA ANEXO 81400
639;DOPING EN PELO;;;;NO SE REALIZA EN EL HOSPITAL , PERO SÍ EN LA FACULTAD DE CIENCIAS QUÍMICAS Y FARMACÉUTICAS
640;EBUS;;;;NO SE REALIZA EN EL HOSPITAL 
641;ECO DOBUTAMINA COD;;;;NO SE REALIZA EN EL HOSPITAL 
642;ECOCARDIOGRAMA STRESS CON DOBUTAMINA;;;;HASTA EL MOMENTO SÓLO SE REALIZA  A PACIENTES HOSPITALIZADOS
643;EMISIONES OTOACÚSTICAS;;;;POR CONFIRMAR
644;FLUJOMETRÍA (BRONCOPULMONAR);;;;NO SE REALIZA EN EL HOSPITAL, SI EN CLÍNICA QUILÍN
645;HOLTER DE ELECTROENCÉFALOGRAMA;;;;NO SE REALIZA EN EL HOSPITAL 
646;NIVEL ARSENICO;;;;NO SE REALIZA EN EL HOSPITAL 
647;PANEL 50 MUTACIONES;;;;NO SE REALIZA EN EL HOSPITAL 
648;PARCHE DE PARKINSON;;;;NO SE REALIZA EN EL HOSPITAL 
649;PET - SCAN;;;;NO SE REALIZA EN EL HOSPITAL 
650;PET CT;;;;NO SE REALIZA EN EL HOSPITAL 
651;PLETISMOGRAFÍA DE PVR;;;;NO SE REALIZA EN EL HOSPITAL 
652;POTENCIALES EVOCADOS VISUALES;;;;NO SE REALIZA EN EL HOSPITAL 
653;POTENCIALES EVOCADOS VISUALES;;;;NO SE REALIZA EN EL HOSPITAL 
654;PPD (TEST DE MANTOUX);;;;NO SE REALIZA EN EL HOSPITAL (SI EN CLÍNICA LAS CONDES, HOSPITAL DEL TÓRAX Y SAN JUAN DE DIOS)
655;PROCEDIMIENTOS QUE INCLUYEN MANIOBRA DE INYECCIÓN ;;1° PISO SECTOR E;;CONFIRMAR
656;PUPILOMETRÍA COLVARD;;;;NO SE REALIZA EN EL HOSPITAL 
657;QUANTIFERON;;;;NO SE REALIZA EN EL HOSPITAL 
658;QUANTIFERÓN ;;;;NO SE REALIZA EN EL HOSPITAL 
659;RESONANCIA MAGNÉTICA DE CODO TÓRAX ;;;;NO SE REALIZA PARA TODOS LOS DIAGNÓSTICOS
660;RINOMANOMETRÍA ;;;;NO SE REALIZA EN EL HOSPITAL 
661;RINOMETRÍA ACÚSTICA;;;;NO SE REALIZA EN EL HOSPITAL 
662;TEST DE PAPILOMA VIRUS ;;;;NO SE REALIZA EN EL HOSPITAL 
663;TEST DE SENSIBILIDAD TÉRMICA (TSA);;;;POR EL MOMENTO NO SE ESTÁ REALIZANDO EN EL HOSPITAL 
664;TEST DE SUDOR;;;;NO SE REALIZA EN EL HOSPITAL 
665;TEST DE UREASA EN ALIENTO;;;;NO SE REALIZA EN EL HOSPITAL
666;V-HIT;;;;NO SE REALIZA EN EL HOSPITAL 
